Course Area,Department,Sub Department,Running?,Course Code,Course Name,Length,Level,MOD,,,,,,,,,,MAP,,,,,MAV,,,,,MAB,,,,,,,,
,,,,,,,,Code,Short Name,Full Name,Scheme Code,Type Code,Credit,GLH,Department Code,In Use,Shared MOD,MAP,Short Name,Full Name,MSC,In use,Year Code,Period,Tutor 1,Tutor 2,Department Code,MAP  Pattern,MAB Sequence,Assessment Code,Percentage,Assessment Full Name,Day Due,Due Week,Due Period,Mark Scheme Code
Animal Management and Behaviour,Animal Science,,Y,W_FD1003FR,FD Animal Management and Behaviour,2,4,W_AMB4C001R,W_AMB4C001R,Academic and Professional Skills Development,W_UG,4,20,200,W_LAS,Y,N,W_AMB4C001R1,W_AMB4C001R1,Academic and Professional Skills Development V1,W40A21,Y,2025/26,W_S1,GILC1,,W_AMB,W_AMB4C001R1,1,W_REFL,50,T1 Reflective Journal,5,14,1,W40A21
Animal Management and Behaviour,Animal Science,,Y,W_FD1003FR,FD Animal Management and Behaviour,2,4,W_AMB4C001R,W_AMB4C001R,Academic and Professional Skills Development,W_UG,4,20,200,W_LAS,Y,N,W_AMB4C001R1,W_AMB4C001R1,Academic and Professional Skills Development V1,W40A21,Y,2025/26,W_S1,GILC1,,W_AMB,W_AMB4C001R1,2,W_PRES,50,T2 Presentation,5,19,1,W40A21
Animal Management and Behaviour,Animal Science,,Y,W_FD1003FR,FD Animal Management and Behaviour,2,4,W_AMB4C002R,W_AMB4C002R,Biological Systems,W_UG,4,20,200,W_LAS,Y,N,W_AMB4C002R1,W_AMB4C002R1,Biological Systems V1,W40A21,Y,2025/26,W_S1,GILC1,,W_AMB,W_AMB4C002R1,1,W_PRAC,60,T1 Practical Portfolio,5,23,1,W40A21
Animal Management and Behaviour,Animal Science,,Y,W_FD1003FR,FD Animal Management and Behaviour,2,4,W_AMB4C002R,W_AMB4C002R,Biological Systems,W_UG,4,20,200,W_LAS,Y,N,W_AMB4C002R1,W_AMB4C002R1,Biological Systems V1,W40A21,Y,2025/26,W_S1,GILC1,,W_AMB,W_AMB4C002R1,2,W_EXAM,40,T2 Exam,5,24,1,W40A21
Animal Management and Behaviour,Animal Science,,Y,W_FD1003FR,FD Animal Management and Behaviour,2,4,W_AMB4C003R,W_AMB4C003R,Practical Animal Husbandry and Handling,W_UG,4,20,200,W_LAS,Y,N,W_AMB4C003R1,W_AMB4C003R1,Practical Animal Husbandry and Handling V1,W40A21,Y,2025/26,W_S2,MASB1,,W_AMB,W_AMB4C003R1,1,W_WRIT,70,T1 E-Portfolio,5,38,2,W40A21
Animal Management and Behaviour,Animal Science,,Y,W_FD1003FR,FD Animal Management and Behaviour,2,4,W_AMB4C003R,W_AMB4C003R,Practical Animal Husbandry and Handling,W_UG,4,20,200,W_LAS,Y,N,W_AMB4C003R1,W_AMB4C003R1,Practical Animal Husbandry and Handling V1,W40A21,Y,2025/26,W_S2,MASB1,,W_AMB,W_AMB4C003R1,2,W_WRIT,30,T2 Research Report,5,41,2,W40A21
Animal Management and Behaviour,Animal Science,,Y,W_FD1003FR,FD Animal Management and Behaviour,2,4,W_AMB4C004R,W_AMB4C004R,Introduction to Animal Behaviour,W_UG,4,20,200,W_LAS,Y,N,W_AMB4C004R1,W_AMB4C004R1,Introduction to Animal Behaviour V1,W40A21,Y,2025/26,W_S1,TURL1,,W_AMB,W_AMB4C004R1,1,W_PRES,50,T1 Educational Display,5,16,1,W40A21
Animal Management and Behaviour,Animal Science,,Y,W_FD1003FR,FD Animal Management and Behaviour,2,4,W_AMB4C004R,W_AMB4C004R,Introduction to Animal Behaviour,W_UG,4,20,200,W_LAS,Y,N,W_AMB4C004R1,W_AMB4C004R1,Introduction to Animal Behaviour V1,W40A21,Y,2025/26,W_S1,TURL1,,W_AMB,W_AMB4C004R1,2,W_PRAC,50,T2 Practical Observation,5,24,1,W40A21
Animal Management and Behaviour,Animal Science,,Y,W_FD1003FR,FD Animal Management and Behaviour,2,4,W_AMB4C005R,W_AMB4C005R,"Exotic Animal Biology, Husbandry and Welfare",W_UG,4,20,200,W_LAS,Y,N,W_AMB4C005R1,W_AMB4C005R1,"Exotic Animal Biology, Husbandry and Welfare V1",W40A21,Y,2025/26,W_S2,GILC1,,W_AMB,W_AMB4C005R1,1,W_PRAC,50,T1 Public Information Video,5,32,2,W40A21
Animal Management and Behaviour,Animal Science,,Y,W_FD1003FR,FD Animal Management and Behaviour,2,4,W_AMB4C005R,W_AMB4C005R,"Exotic Animal Biology, Husbandry and Welfare",W_UG,4,20,200,W_LAS,Y,N,W_AMB4C005R1,W_AMB4C005R1,"Exotic Animal Biology, Husbandry and Welfare V1",W40A21,Y,2025/26,W_S2,GILC1,,W_AMB,W_AMB4C005R1,2,W_WRIT,50,T2 Persuasive Article,5,39,2,W40A21
Animal Management and Behaviour,Animal Science,,Y,W_FD1003FR,FD Animal Management and Behaviour,2,4,W_AMB4C006R,W_AMB4C006R,Introduction to Conservation and Sustainability,W_UG,4,20,200,W_LAS,Y,N,W_AMB4C006R1,W_AMB4C006R1,Introduction to Conservation and Sustainability V1,W40A21,Y,2025/26,W_S2,GILC1,,W_AMB,W_AMB4C006R1,1,W_PRES,60,T1 Survey Presentation,5,33,2,W40A21
Animal Management and Behaviour,Animal Science,,Y,W_FD1003FR,FD Animal Management and Behaviour,2,4,W_AMB4C006R,W_AMB4C006R,Introduction to Conservation and Sustainability,W_UG,4,20,200,W_LAS,Y,N,W_AMB4C006R1,W_AMB4C006R1,Introduction to Conservation and Sustainability V1,W40A21,Y,2025/26,W_S2,GILC1,,W_AMB,W_AMB4C006R1,2,W_WRIT,40,T2 Social Media Style Campaign,5,42,2,W40A21
Animal Management and Behaviour,Animal Science,,Y,W_FD1003FR,FD Animal Management and Behaviour,2,5,W_AMB5C007R,W_AMB5C007R,Small Scale Research Project,W_UG,5,20,200,W_LAS,Y,N,W_AMB5C007R1,W_AMB5C007R1,Small Scale Research Project V1,W40A21,Y,2025/26,W_S2,GILC1,,W_AMB,W_AMB5C007R1,1,W_PRES,25,T1 Project Proposal Presentation,5,18,1,W40A21
Animal Management and Behaviour,Animal Science,,Y,W_FD1003FR,FD Animal Management and Behaviour,2,5,W_AMB5C007R,W_AMB5C007R,Small Scale Research Project,W_UG,5,20,200,W_LAS,Y,N,W_AMB5C007R1,W_AMB5C007R1,Small Scale Research Project V1,W40A21,Y,2025/26,W_S2,GILC1,,W_AMB,W_AMB5C007R1,2,W_WRIT,75,T2 Research Project Report,5,26,2,W40A21
Animal Management and Behaviour,Animal Science,,Y,W_FD1003FR,FD Animal Management and Behaviour,2,5,W_AMB5C008R,W_AMB5C008R,Animal Health and Disease,W_UG,5,20,200,W_LAS,Y,N,W_AMB5C008R1,W_AMB5C008R1,Animal Health and Disease V1,W40A21,Y,2025/26,W_S2,RODA1,,W_AMB,W_AMB5C008R1,1,W_PRAC,60,T1 Strategy Proposal Pitch,5,17,1,W40A21
Animal Management and Behaviour,Animal Science,,Y,W_FD1003FR,FD Animal Management and Behaviour,2,5,W_AMB5C008R,W_AMB5C008R,Animal Health and Disease,W_UG,5,20,200,W_LAS,Y,N,W_AMB5C008R1,W_AMB5C008R1,Animal Health and Disease V1,W40A21,Y,2025/26,W_S2,RODA1,,W_AMB,W_AMB5C008R1,2,W_WRIT,40,T2 Disease Investigation Report,5,20,1,W40A21
Animal Management and Behaviour,Animal Science,,Y,W_FD1003FR,FD Animal Management and Behaviour,2,5,W_AMB5C009R,W_AMB5C009R,Companion Animal Training and Behaviour,W_UG,5,20,200,W_LAS,Y,N,W_AMB5C009R1,W_AMB5C009R1,Companion Animal Training and Behaviour V1,W40A21,Y,2025/26,W_S1,CAMD1,,W_AMB,W_AMB5C009R1,1,W_PRAC,100,T1 Video Log,5,20,1,W40A21
Animal Management and Behaviour,Animal Science,,Y,W_FD1003FR,FD Animal Management and Behaviour,2,5,W_AMB5C010R,W_AMB5C010R,Welfare and Law,W_UG,5,20,200,W_LAS,Y,N,W_AMB5C010R1,W_AMB5C010R1,Welfare and Law V1,W40A21,Y,2025/26,W_S1,TURL1,,W_AMB,W_AMB5C010R1,1,W-WRIT,50,T1 Social Media Strategy,5,39,2,W40A21
Animal Management and Behaviour,Animal Science,,Y,W_FD1003FR,FD Animal Management and Behaviour,2,5,W_AMB5C010R,W_AMB5C010R,Welfare and Law,W_UG,5,20,200,W_LAS,Y,N,W_AMB5C010R1,W_AMB5C010R1,Welfare and Law V1,W40A21,Y,2025/26,W_S1,TURL1,,W_AMB,W_AMB5C010R1,2,W_PRES,50,T2 Presentation,5,42,2,W40A21
Animal Management and Behaviour,Animal Science,,Y,W_FD1003FR,FD Animal Management and Behaviour,2,5,W_AMB5C011R,W_AMB5C011R,Design and Management of Animal Collections,W_UG,5,20,200,W_LAS,Y,N,W_AMB5C011R1,W_AMB5C011R1,Design and Management of Animal Collections V1,W40A21,Y,2025/26,W_S1,RAYS1,,W_AMB,W_AMB5C011R1,1,W_WRIT,50,T1 Report,5,34,2,W40A21
Animal Management and Behaviour,Animal Science,,Y,W_FD1003FR,FD Animal Management and Behaviour,2,5,W_AMB5C011R,W_AMB5C011R,Design and Management of Animal Collections,W_UG,5,20,200,W_LAS,Y,N,W_AMB5C011R1,W_AMB5C011R1,Design and Management of Animal Collections V1,W40A21,Y,2025/26,W_S1,RAYS1,,W_AMB,W_AMB5C011R1,2,W_PRES,50,T2 Poster Presentation,5,39,2,W40A21
Animal Management and Behaviour,Animal Science,,Y,W_FD1003FR,FD Animal Management and Behaviour,2,5,W_AMB5C012R,W_AMB5C012R,Enterprise in the Landbased Sector,W_UG,5,20,200,W_LAS,Y,N,W_AMB5C012R1,W_AMB5C012R1,Enterprise in the Landbased Sector V1,W40A21,Y,2025/26,W_S2,CAMD1,,W_AMB,W_AMB5C012R1,1,W_PRAC,50,T1 Digital Platform,5,35,2,W40A21
Animal Management and Behaviour,Animal Science,,Y,W_FD1003FR,FD Animal Management and Behaviour,2,5,W_AMB5C012R,W_AMB5C012R,Enterprise in the Landbased Sector,W_UG,5,20,200,W_LAS,Y,N,W_AMB5C012R1,W_AMB5C012R1,Enterprise in the Landbased Sector V1,W40A21,Y,2025/26,W_S2,CAMD1,,W_AMB,W_AMB5C012R1,2,W_EXAM,50,T2 Open Book Case Study,5,42,2,W40A21
Animal Management and Behaviour,Animal Science,,Y,W_BS1146FR,BSc (Hons) Applied Animal Management and Behaviour (Top Up),1,6,W_AMB6C020R,W_AMB6C020R,Animal Psychology and Cognition,W_UG,6,20,200,W_LAS,Y,N,W_AMB6C020R1,W_AMB6C020R1,Animal Psychology and Cognition V1,W40A21,Y,2025/26,W_S2,TURL1,,W_AMB,W_AMB6C020R1,1,W_WRIT,50,T1 Report,5,24,1,W40A21
Animal Management and Behaviour,Animal Science,,Y,W_BS1146FR,BSc (Hons) Applied Animal Management and Behaviour (Top Up),1,6,W_AMB6C020R,W_AMB6C020R,Animal Psychology and Cognition,W_UG,6,20,200,W_LAS,Y,N,W_AMB6C020R1,W_AMB6C020R1,Animal Psychology and Cognition V1,W40A21,Y,2025/26,W_S2,TURL1,,W_AMB,W_AMB6C020R1,2,W_PRES,50,T2 Presentation,5,28,2,W40A21
Animal Management and Behaviour,Animal Science,,Y,W_BS1146FR,BSc (Hons) Applied Animal Management and Behaviour (Top Up),1,6,W_AMB6C021R,W_AMB6C021R,Animal Diversity and Evolution,W_UG,6,20,200,W_LAS,Y,N,W_AMB6C021R1,W_AMB6C021R1,Animal Diversity and Evolution V1,W40A21,Y,2025/26,W_S1,GILC1,,W_AMB,W_AMB6C021R1,1,W_WRIT,40,T1 Report,5,9,1,W40A21
Animal Management and Behaviour,Animal Science,,Y,W_BS1146FR,BSc (Hons) Applied Animal Management and Behaviour (Top Up),1,6,W_AMB6C021R,W_AMB6C021R,Animal Diversity and Evolution,W_UG,6,20,200,W_LAS,Y,N,W_AMB6C021R1,W_AMB6C021R1,Animal Diversity and Evolution V1,W40A21,Y,2025/26,W_S1,GILC1,,W_AMB,W_AMB6C021R1,2,W_WRIT,60,T2 Academic Poster,5,17,1,W40A21
Animal Management and Behaviour,Animal Science,,Y,W_BS1146FR,BSc (Hons) Applied Animal Management and Behaviour (Top Up),1,6,W_AMB6C022R,W_AMB6C022R,Anthrozoology,W_UG,6,20,200,W_LAS,Y,N,W_AMB6C022R1,W_AMB6C022R1,Anthrozoology V1,W40A21,Y,2025/26,W_S2,RAYS1,,W_AMB,W_AMB6C022R1,1,W_PRES,60,T1 Poster Presentation,5,23,1,W40A21
Animal Management and Behaviour,Animal Science,,Y,W_BS1146FR,BSc (Hons) Applied Animal Management and Behaviour (Top Up),1,6,W_AMB6C022R,W_AMB6C022R,Anthrozoology,W_UG,6,20,200,W_LAS,Y,N,W_AMB6C022R1,W_AMB6C022R1,Anthrozoology V1,W40A21,Y,2025/26,W_S2,RAYS1,,W_AMB,W_AMB6C022R1,2,W_WRIT,40,T2 Literature Review,5,20,2,W40A21
Animal Management and Behaviour,Animal Science,,Y,W_BS1146FR,BSc (Hons) Applied Animal Management and Behaviour (Top Up),1,6,W_AMB6C023R,W_AMB6C023R,British Ecological Concepts,W_UG,6,20,200,W_LAS,Y,N,W_AMB6C023R1,W_AMB6C023R1,British Ecological Concepts V1,W40A21,Y,2025/26,W_S1,GILC1,,W_AMB,W_AMB6C023R1,1,W_WRIT,40,T1 Webpage,5,7,1,W40A21
Animal Management and Behaviour,Animal Science,,Y,W_BS1146FR,BSc (Hons) Applied Animal Management and Behaviour (Top Up),1,6,W_AMB6C023R,W_AMB6C023R,British Ecological Concepts,W_UG,6,20,200,W_LAS,Y,N,W_AMB6C023R1,W_AMB6C023R1,British Ecological Concepts V1,W40A21,Y,2025/26,W_S1,GILC1,,W_AMB,W_AMB6C023R1,2,W_WRIT,60,T2 Written Strategy,5,15,1,W40A21
Animal Management and Behaviour,Animal Science,,Y,W_BS1146FR,BSc (Hons) Applied Animal Management and Behaviour (Top Up),1,6,W_AMB6C024R,W_AMB6C024R,Dissertation,W_UG,6,20,200,W_LAS,Y,N,W_AMB6C024R1,W_AMB6C024R1,Dissertation V1,W40A21,Y,2025/26,W_UGYR,GILC1,,W_AMB,W_AMB6C024R1,1,W_WRIT,65,T1 Dissertation,5,39,1,W40A21
Animal Management and Behaviour,Animal Science,,Y,W_BS1146FR,BSc (Hons) Applied Animal Management and Behaviour (Top Up),1,6,W_AMB6C024R,W_AMB6C024R,Dissertation,W_UG,6,20,200,W_LAS,Y,N,W_AMB6C024R1,W_AMB6C024R1,Dissertation V1,W40A21,Y,2025/26,W_UGYR,GILC1,,W_AMB,W_AMB6C024R1,2,W_PRES,35,T2 Research Presentation,5,42,2,W40A21
Acting,Creative Arts,Performing Arts,Y,W_FD1001FR,FD Acting,2,4,W_PER4C001R,W_PER4C001R,Actor Toolbox 1,W_UG,4,20,200,W_CRA,Y,N,W_PER4C001R1,W_PER4C001R1,Actor Toolbox 1 V1,W40A21,Y,2025/26,W_S1,REEC1,,W_PER,W_PER4C001R1,1,W_PERF,70,T1 Performance Demonstrations,5,18,1,W40A21
Acting,Creative Arts,Performing Arts,Y,W_FD1001FR,FD Acting,2,4,W_PER4C001R,W_PER4C001R,Actor Toolbox 1,W_UG,4,20,200,W_CRA,Y,N,W_PER4C001R1,W_PER4C001R1,Actor Toolbox 1 V1,W40A21,Y,2025/26,W_S1,REEC1,,W_PER,W_PER4C001R1,2,W_REFL,30,T2 Written Reflection,5,24,1,W40A21
Acting,Creative Arts,Performing Arts,Y,W_FD1001FR,FD Acting,2,4,W_PER4C002R,W_PER4C002R,Identity,W_UG,4,20,200,W_CRA,Y,N,W_PER4C002R1,W_PER4C002R1,Identity V1,W40A21,Y,2025/26,W_S1,REEC1,,W_PER,W_PER4C002R1,1,W_PERF,70,T1 Solo Performance,5,20,1,W40A21
Acting,Creative Arts,Performing Arts,Y,W_FD1001FR,FD Acting,2,4,W_PER4C002R,W_PER4C002R,Identity,W_UG,4,20,200,W_CRA,Y,N,W_PER4C002R1,W_PER4C002R1,Identity V1,W40A21,Y,2025/26,W_S1,REEC1,,W_PER,W_PER4C002R1,2,W_WRIT,30,T2 Report,5,23,1,W40A21
Acting,Creative Arts,Performing Arts,Y,W_FD1001FR,FD Acting,2,4,W_PER4C003R,W_PER4C003R,Celebration and Confrontation,W_UG,4,20,200,W_CRA,Y,N,W_PER4C003R1,W_PER4C003R1,Celebration and Confrontation V1,W40A21,Y,2025/26,W_S1,SHIA2,,W_PER,W_PER4C003R1,1,W_WRIT,50,T1 Interview,5,14,1,W40A21
Acting,Creative Arts,Performing Arts,Y,W_FD1001FR,FD Acting,2,4,W_PER4C003R,W_PER4C003R,Celebration and Confrontation,W_UG,4,20,200,W_CRA,Y,N,W_PER4C003R1,W_PER4C003R1,Celebration and Confrontation V1,W40A21,Y,2025/26,W_S1,SHIA2,,W_PER,W_PER4C003R1,2,W_PRES,50,T2 Presentation,5,19,1,W40A21
Acting,Creative Arts,Performing Arts,Y,W_FD1001FR,FD Acting,2,4,W_PER4C004R,W_PER4C004R,Actor Toolbox 2,W_UG,4,20,200,W_CRA,Y,N,W_PER4C004R1,W_PER4C004R1,Actor Toolbox 2 V1,W40A21,Y,2025/26,W_S2,REEC1,,W_PER,W_PER4C004R1,1,W_PERF,70,T1 Performance Demonstrations,5,39,2,W40A21
Acting,Creative Arts,Performing Arts,Y,W_FD1001FR,FD Acting,2,4,W_PER4C004R,W_PER4C004R,Actor Toolbox 2,W_UG,4,20,200,W_CRA,Y,N,W_PER4C004R1,W_PER4C004R1,Actor Toolbox 2 V1,W40A21,Y,2025/26,W_S2,REEC1,,W_PER,W_PER4C004R1,2,W_WRIT,30,T2 Descriptive Statement,5,40,2,W40A21
Acting,Creative Arts,Performing Arts,Y,W_FD1001FR,FD Acting,2,4,W_PER4C005R,W_PER4C005R,The History of Theatre,W_UG,4,20,200,W_CRA,Y,N,W_PER4C005R1,W_PER4C005R1,The History of Theatre V1,W40A21,Y,2025/26,W_S2,REEC1,,W_PER,W_PER4C005R1,1,W_PERF,70,T1 Performance,5,41,2,W40A21
Acting,Creative Arts,Performing Arts,Y,W_FD1001FR,FD Acting,2,4,W_PER4C005R,W_PER4C005R,The History of Theatre,W_UG,4,20,200,W_CRA,Y,N,W_PER4C005R1,W_PER4C005R1,The History of Theatre V1,W40A21,Y,2025/26,W_S2,REEC1,,W_PER,W_PER4C005R1,2,W_WRIT,30,T2 Logbook,5,42,2,W40A21
Acting,Creative Arts,Performing Arts,Y,W_FD1001FR,FD Acting,2,4,W_PER4C006R,W_PER4C006R,Actor Development,W_UG,4,20,200,W_CRA,Y,N,W_PER4C006R1,W_PER4C006R1,Actor Development V1,W40A21,Y,2025/26,W_S2,REEC1,,W_PER,W_PER4C006R1,1,W_PRES,50,T1 Presentation,5,30,2,W40A21
Acting,Creative Arts,Performing Arts,Y,W_FD1001FR,FD Acting,2,4,W_PER4C006R,W_PER4C006R,Actor Development,W_UG,4,20,200,W_CRA,Y,N,W_PER4C006R1,W_PER4C006R1,Actor Development V1,W40A21,Y,2025/26,W_S2,REEC1,,W_PER,W_PER4C006R1,2,W_WRIT,50,T2 Skills Audit,5,38,2,W40A21
Acting,Creative Arts,Performing Arts,Y,W_FD1001FR,FD Acting,2,5,W_PER5C007R,W_PER5C007R,Actors Toolbox 3,W_UG,5,20,200,W_CRA,Y,N,W_PER5C007R1,W_PER5C007R1,Actors Toolbox 3 V1,W40A21,Y,2025/26,W_S1,TAYM1,,W_PER,W_PER5C007R1,1,W_PERF,70,T1 Performance Demonstrations,5,19,1,W40A21
Acting,Creative Arts,Performing Arts,Y,W_FD1001FR,FD Acting,2,5,W_PER5C007R,W_PER5C007R,Actors Toolbox 3,W_UG,5,20,200,W_CRA,Y,N,W_PER5C007R1,W_PER5C007R1,Actors Toolbox 3 V1,W40A21,Y,2025/26,W_S1,TAYM1,,W_PER,W_PER5C007R1,2,W_WRIT,30,T2 Critical Reflection Statement,5,20,1,W40A21
Acting,Creative Arts,Performing Arts,Y,W_FD1001FR,FD Acting,2,5,W_PER5C008R,W_PER5C008R,Contemporary Acting,W_UG,5,20,200,W_CRA,Y,N,W_PER5C008R1,W_PER5C008R1,Contemporary Acting V1,W40A21,Y,2025/26,W_S2,,,W_PER,W_PER5C008R1,1,W_PRAC,70,T1 Digital Products,5,23,1,W40A21
Acting,Creative Arts,Performing Arts,Y,W_FD1001FR,FD Acting,2,5,W_PER5C008R,W_PER5C008R,Contemporary Acting,W_UG,5,20,200,W_CRA,Y,N,W_PER5C008R1,W_PER5C008R1,Contemporary Acting V1,W40A21,Y,2025/26,W_S2,,,W_PER,W_PER5C008R1,2,W_REFL,30,T2 Written Reflection,5,24,1,W40A21
Acting,Creative Arts,Performing Arts,Y,W_FD1001FR,FD Acting,2,5,W_PER5C009R,W_PER5C009R,Theatre for Contemporary Audiences,W_UG,5,20,200,W_CRA,Y,N,W_PER5C009R1,W_PER5C009R1,Theatre for Contemporary Audiences V1,W40A21,Y,2025/26,W_S1,REEC1,,W_PER,W_PER5C009R1,1,W_WRIT,50,T1 Presentation,5,17,1,W40A21
Acting,Creative Arts,Performing Arts,Y,W_FD1001FR,FD Acting,2,5,W_PER5C009R,W_PER5C009R,Theatre for Contemporary Audiences,W_UG,5,20,200,W_CRA,Y,N,W_PER5C009R1,W_PER5C009R1,Theatre for Contemporary Audiences V1,W40A21,Y,2025/26,W_S1,REEC1,,W_PER,W_PER5C009R1,2,W_PRES,50,T2 Interview,5,18,1,W40A21
Acting,Creative Arts,Performing Arts,Y,W_FD1001FR,FD Acting,2,5,W_PER5C010R,W_PER5C010R,Professional Engagement,W_UG,5,20,200,W_CRA,Y,N,W_PER5C010R1,W_PER5C010R1,Professional Engagement V1,W40A21,Y,2025/26,W_S2,TAYM1,,W_PER,W_PER5C010R1,1,W_WRIT,40,T1 5 year Professional Plan,5,35,2,W40A21
Acting,Creative Arts,Performing Arts,Y,W_FD1001FR,FD Acting,2,5,W_PER5C010R,W_PER5C010R,Professional Engagement,W_UG,5,20,200,W_CRA,Y,N,W_PER5C010R1,W_PER5C010R1,Professional Engagement V1,W40A21,Y,2025/26,W_S2,TAYM1,,W_PER,W_PER5C010R1,2,W_WRIT,60,T2 Professional Portfolio,5,38,2,W40A21
Acting,Creative Arts,Performing Arts,Y,W_FD1001FR,FD Acting,2,5,W_PER5C011R,W_PER5C011R,Performance for Film and TV,W_UG,5,40,400,W_CRA,Y,N,W_PER5C011R1,W_PER5C011R1,Performance for Film and TV V1,W40A21,Y,2025/26,W_UGYR,REEC1,,W_PER,W_PER5C011R1,1,W_PERF,70,T1 Performance,5,41,2,W40A21
Acting,Creative Arts,Performing Arts,Y,W_FD1001FR,FD Acting,2,5,W_PER5C011R,W_PER5C011R,Performance for Film and TV,W_UG,5,40,400,W_CRA,Y,N,W_PER5C011R1,W_PER5C011R1,Performance for Film and TV V1,W40A21,Y,2025/26,W_UGYR,REEC1,,W_PER,W_PER5C011R1,2,W_WRIT,30,T2 Rehersal Log,5,42,2,W40A21
Acting,Creative Arts,Performing Arts,Y,W_BA1002FR,BA (Hons) Acting (Top Up),1,6,W_PER6C013R,W_PER6C013R,Community Practice,W_UG,6,20,200,W_CRA,Y,N,W_PER6C013R1,W_PER6C013R1,Community Practice V1,W40A21,Y,2025/26,W_S1,REEC1,,W_PER,W_PER6C013R1,1,W_PERF,60,T1 Community Workshop,5,18,1,W40A21
Acting,Creative Arts,Performing Arts,Y,W_BA1002FR,BA (Hons) Acting (Top Up),1,6,W_PER6C013R,W_PER6C013R,Community Practice,W_UG,6,20,200,W_CRA,Y,N,W_PER6C013R1,W_PER6C013R1,Community Practice V1,W40A21,Y,2025/26,W_S1,REEC1,,W_PER,W_PER6C013R1,2,W_REFL,40,T2 Critical Reflection,5,20,1,W40A21
Acting,Creative Arts,Performing Arts,Y,W_BA1002FR,BA (Hons) Acting (Top Up),1,6,W_PER6C014R,W_PER6C014R,Personal Project,W_UG,6,20,200,W_CRA,Y,N,W_PER6C014R1,W_PER6C014R1,Personal Project V1,W40A21,Y,2025/26,W_S2,SHIA2,,W_PER,W_PER6C014R1,1,W_ORAL,30,T1 Viva Voce,5,31,2,W40A21
Acting,Creative Arts,Performing Arts,Y,W_BA1002FR,BA (Hons) Acting (Top Up),1,6,W_PER6C014R,W_PER6C014R,Personal Project,W_UG,6,20,200,W_CRA,Y,N,W_PER6C014R1,W_PER6C014R1,Personal Project V1,W40A21,Y,2025/26,W_S2,SHIA2,,W_PER,W_PER6C014R1,2,W_WRIT,70,T2 Personal Project,5,40,2,W40A21
Acting,Creative Arts,Performing Arts,Y,W_BA1002FR,BA (Hons) Acting (Top Up),1,6,W_PER6C015R,W_PER6C015R,The Radical Actor,W_UG,6,20,200,W_CRA,Y,N,W_PER6C015R1,W_PER6C015R1,The Radical Actor V1,W40A21,Y,2025/26,W_S1,SHIA2,,W_PER,W_PER6C015R1,1,W_WRIT,50,T1 Project Proposal,5,17,1,W40A21
Acting,Creative Arts,Performing Arts,Y,W_BA1002FR,BA (Hons) Acting (Top Up),1,6,W_PER6C015R,W_PER6C015R,The Radical Actor,W_UG,6,20,200,W_CRA,Y,N,W_PER6C015R1,W_PER6C015R1,The Radical Actor V1,W40A21,Y,2025/26,W_S1,SHIA2,,W_PER,W_PER6C015R1,2,W_WRIT,50,T2 Essay,5,23,1,W40A21
Acting,Creative Arts,Performing Arts,Y,W_BA1002FR,BA (Hons) Acting (Top Up),1,6,W_PER6C016R,W_PER6C016R,Actor Specialism,W_UG,6,20,200,W_CRA,Y,N,W_PER6C016R1,W_PER6C016R1,Actor Specialism V1,W40A21,Y,2025/26,W_UGYR,TAYM1,,W_PER,W_PER6C016R1,1,W_PERF,60,T1 Performance Presentation,5,19,1,W40A21
Acting,Creative Arts,Performing Arts,Y,W_BA1002FR,BA (Hons) Acting (Top Up),1,6,W_PER6C016R,W_PER6C016R,Actor Specialism,W_UG,6,20,200,W_CRA,Y,N,W_PER6C016R1,W_PER6C016R1,Actor Specialism V1,W40A21,Y,2025/26,W_UGYR,TAYM1,,W_PER,W_PER6C016R1,2,W_REFL,40,T2 Spotlight Reflection,5,24,1,W40A21
Acting,Creative Arts,Performing Arts,Y,W_BA1002FR,BA (Hons) Acting (Top Up),1,6,W_PER6C017R,W_PER6C017R,Professional Performance,W_UG,6,40,400,W_CRA,Y,N,W_PER6C017R1,W_PER6C017R1,Professional Performance V1,W40A21,Y,2025/26,W_UGYR,REEC1,,W_PER,W_PER6C017R1,1,W_PERF,70,T1 Performance,5,41,2,W40A21
Acting,Creative Arts,Performing Arts,Y,W_BA1002FR,BA (Hons) Acting (Top Up),1,6,W_PER6C017R,W_PER6C017R,Professional Performance,W_UG,6,40,400,W_CRA,Y,N,W_PER6C017R1,W_PER6C017R1,Professional Performance V1,W40A21,Y,2025/26,W_UGYR,REEC1,,W_PER,W_PER6C017R1,2,W_REFL,30,T2 Rehearsal Log and Reflection,5,42,2,W40A21
Music Creation & Enterprise,Creative Arts,Performing Arts,N,W_BA1133F3,BA (Hons) Music Creation & Enterprise,3,4,W_ART4C005R,W_ART4C005R,The Creative Professional,W_UG,4,20,200,W_CRA,Y,Y,W_ART4C005R1,W_ART4C005R1,The Creative Professional V1,W40A21,Y,2025/26,W_S1,MERM1,BATS1,W_ART,W_ART4C005R1,1,W_WRIT,50,T1 Case Study,5,17,1,W40A21
Music Creation & Enterprise,Creative Arts,Performing Arts,N,W_BA1133F3,BA (Hons) Music Creation & Enterprise,3,4,W_ART4C005R,W_ART4C005R,The Creative Professional,W_UG,4,20,200,W_CRA,Y,Y,W_ART4C005R1,W_ART4C005R1,The Creative Professional V1,W40A21,Y,2025/26,W_S1,MERM1,BATS1,W_ART,W_ART4C005R1,2,W_PRAC,50,T2 Skills Audit,5,19,1,W40A21
Music Creation & Enterprise,Creative Arts,Performing Arts,N,W_BA1133F3,BA (Hons) Music Creation & Enterprise,3,4,W_ART4C004R,W_ART4C004R,Commercial Practice,W_UG,4,20,200,W_CRA,Y,Y,W_ART4C004R1,W_ART4C004R1,Commercial Practice V1,W40A21,Y,2025/26,W_S2,MERM1,BATS1,W_ART,W_ART4C004R1,1,W_ORAL,40,T1 Pitch,5,32,2,W40A21
Music Creation & Enterprise,Creative Arts,Performing Arts,N,W_BA1133F3,BA (Hons) Music Creation & Enterprise,3,4,W_ART4C004R,W_ART4C004R,Commercial Practice,W_UG,4,20,200,W_CRA,Y,Y,W_ART4C004R1,W_ART4C004R1,Commercial Practice V1,W40A21,Y,2025/26,W_S2,MERM1,BATS1,W_ART,W_ART4C004R1,2,W_PRES,60,T2 Project Proposal Presentation,5,38,2,W40A21
Music Creation & Enterprise,Creative Arts,Performing Arts,N,W_BA1133F3,BA (Hons) Music Creation & Enterprise,3,4,W_MCE4001R,W_MCE4001R,Music Control Systems,W_UG,4,20,200,W_CRA,N,N,W_MCE4001R1,W_MCE4001R1,Music Control Systems V1,W40A21,N,2025/26,W_S2,HUGC1,,W_PER,W_MCE4001R1,1,W_WRIT,70,T1 Project and Performance,5,27,2,W40A21
Music Creation & Enterprise,Creative Arts,Performing Arts,N,W_BA1133F3,BA (Hons) Music Creation & Enterprise,3,4,W_MCE4001R,W_MCE4001R,Music Control Systems,W_UG,4,20,200,W_CRA,N,N,W_MCE4001R1,W_MCE4001R1,Music Control Systems V1,W40A21,N,2025/26,W_S2,HUGC1,,W_PER,W_MCE4001R1,2,W_WRIT,30,T2 Reflective Discussion,5,29,2,W40A21
Music Creation & Enterprise,Creative Arts,Performing Arts,N,W_BA1133F3,BA (Hons) Music Creation & Enterprise,3,4,W_MCE4002R,W_MCE4002R,Introduction to Content Creation,W_UG,4,20,200,W_CRA,N,N,W_MCE4002R1,W_MCE4002R1,Introduction to Content Creation V1,W40A21,N,2025/26,W_S2,HUGC1,,W_PER,W_MCE4002R1,1,W_WRIT,70,T1 Self-Promotional Assets,5,13,1,W40A21
Music Creation & Enterprise,Creative Arts,Performing Arts,N,W_BA1133F3,BA (Hons) Music Creation & Enterprise,3,4,W_MCE4002R,W_MCE4002R,Introduction to Content Creation,W_UG,4,20,200,W_CRA,N,N,W_MCE4002R1,W_MCE4002R1,Introduction to Content Creation V1,W40A21,N,2025/26,W_S2,HUGC1,,W_PER,W_MCE4002R1,2,W_WRIT,30,T2 Marketing Plan,5,15,1,W40A21
Music Creation & Enterprise,Creative Arts,Performing Arts,N,W_BA1133F3,BA (Hons) Music Creation & Enterprise,3,4,W_MCE4003R,W_MCE4003R,Studio Management and Sound Engineering,W_UG,4,20,200,W_CRA,N,N,W_MCE4003R1,W_MCE4003R1,Studio Management and Sound Engineering V1,W40A21,N,2025/26,W_S1,HUGC1,,W_PER,W_MCE4003R1,1,W_WRIT,60,T1 Cover Song,5,26,2,W40A21
Music Creation & Enterprise,Creative Arts,Performing Arts,N,W_BA1133F3,BA (Hons) Music Creation & Enterprise,3,4,W_MCE4003R,W_MCE4003R,Studio Management and Sound Engineering,W_UG,4,20,200,W_CRA,N,N,W_MCE4003R1,W_MCE4003R1,Studio Management and Sound Engineering V1,W40A21,N,2025/26,W_S1,HUGC1,,W_PER,W_MCE4003R1,2,W_WRIT,40,T2 Studio Manual,5,28,2,W40A21
Music Creation & Enterprise,Creative Arts,Performing Arts,N,W_BA1133F3,BA (Hons) Music Creation & Enterprise,3,4,W_MCE4004R,W_MCE4004R,Studio Recording Techniques,W_UG,4,20,200,W_CRA,N,N,W_MCE4004R1,W_MCE4004R1,Studio Recording Techniques V1,W40A21,N,2025/26,W_S2,HUGC1,,W_PER,W_MCE4004R1,1,W_WRIT,60,T1 2 Track EP,5,12,1,W40A21
Music Creation & Enterprise,Creative Arts,Performing Arts,N,W_BA1133F3,BA (Hons) Music Creation & Enterprise,3,4,W_MCE4004R,W_MCE4004R,Studio Recording Techniques,W_UG,4,20,200,W_CRA,N,N,W_MCE4004R1,W_MCE4004R1,Studio Recording Techniques V1,W40A21,N,2025/26,W_S2,HUGC1,,W_PER,W_MCE4004R1,2,W_WRIT,40,T2 Diarised Journal,5,15,1,W40A21
Music Creation & Enterprise,Creative Arts,Performing Arts,N,W_BA1133F3,BA (Hons) Music Creation & Enterprise,3,5,W_ART5C008R,W_ART5C008R,Collaboration,W_UG,5,20,200,W_CRA,Y,Y,W_ART5C008R1,W_ART5C008R1,Collaboration V1,W40A21,Y,2025/26,W_S1,KOLM1,BATS1,W_ART,W_ART5C008R1,1,W_WRIT,100,T1 Collaborative Project Report,5,20,1,W40A21
Music Creation & Enterprise,Creative Arts,Performing Arts,N,W_BA1133F3,BA (Hons) Music Creation & Enterprise,3,5,W_MCE5007R,W_MCE5007R,AI and Experimental Music,W_UG,5,20,200,W_CRA,N,N,W_MCE5007R1,W_MCE5007R1,AI and Experimental Music V1,W40A21,N,2025/26,W_S2,HUGC1,,W_PER,W_MCE5007R1,1,W_WRIT,60,T1 AV Production,5,12,1,W40A21
Music Creation & Enterprise,Creative Arts,Performing Arts,N,W_BA1133F3,BA (Hons) Music Creation & Enterprise,3,5,W_MCE5007R,W_MCE5007R,AI and Experimental Music,W_UG,5,20,200,W_CRA,N,N,W_MCE5007R1,W_MCE5007R1,AI and Experimental Music V1,W40A21,N,2025/26,W_S2,HUGC1,,W_PER,W_MCE5007R1,2,W_PRES,40,T2 Presentation,5,14,1,W40A21
Music Creation & Enterprise,Creative Arts,Performing Arts,N,W_BA1133F3,BA (Hons) Music Creation & Enterprise,3,5,W_MCE5008R,W_MCE5008R,Music Promotion,W_UG,5,20,200,W_CRA,N,N,W_MCE5008R1,W_MCE5008R1,Music Promotion V1,W40A21,N,2025/26,W_S2,HUGC1,,W_PER,W_MCE5008R1,1,W_WRIT,70,T1 Media Campaign,5,28,2,W40A21
Music Creation & Enterprise,Creative Arts,Performing Arts,N,W_BA1133F3,BA (Hons) Music Creation & Enterprise,3,5,W_MCE5008R,W_MCE5008R,Music Promotion,W_UG,5,20,200,W_CRA,N,N,W_MCE5008R1,W_MCE5008R1,Music Promotion V1,W40A21,N,2025/26,W_S2,HUGC1,,W_PER,W_MCE5008R1,2,W_WRIT,30,T2 Rationale,5,30,2,W40A21
Music Creation & Enterprise,Creative Arts,Performing Arts,N,W_BA1133F3,BA (Hons) Music Creation & Enterprise,3,5,W_MCE5009R,W_MCE5009R,Live Sound,W_UG,5,20,200,W_CRA,N,N,W_MCE5009R1,W_MCE5009R1,Live Sound V1,W40A21,N,2025/26,W_S2,HUGC1,,W_PER,W_MCE5009R1,1,W_WRIT,100,T1 Live sound setup observation,5,27,2,W40A21
Music Creation & Enterprise,Creative Arts,Performing Arts,N,W_BA1133F3,BA (Hons) Music Creation & Enterprise,3,5,W_MCE50010R,W_MCE50010R,"Publishing, Distribution and Label Management",W_UG,5,20,200,W_CRA,N,N,W_MCE50010R1,W_MCE50010R1,"Publishing, Distribution and Label Management V1",W40A21,N,2025/26,W_S1,HUGC1,,W_PER,W_MCE50010R1,1,W_WRIT,60,T1 Plan for an EP,5,25,1,W40A21
Music Creation & Enterprise,Creative Arts,Performing Arts,N,W_BA1133F3,BA (Hons) Music Creation & Enterprise,3,5,W_MCE50010R,W_MCE50010R,"Publishing, Distribution and Label Management",W_UG,5,20,200,W_CRA,N,N,W_MCE50010R1,W_MCE50010R1,"Publishing, Distribution and Label Management V1",W40A21,N,2025/26,W_S1,HUGC1,,W_PER,W_MCE50010R1,2,W_WRIT,40,T2 Annotated plan,5,29,2,W40A21
Music Creation & Enterprise,Creative Arts,Performing Arts,N,W_BA1133F3,BA (Hons) Music Creation & Enterprise,3,5,W_MCE50011R,W_MCE50011R,Sound Design,W_UG,5,20,200,W_CRA,N,N,W_MCE50011R1,W_MCE50011R1,Sound Design V1,W40A21,N,2025/26,W_S1,HUGC1,,W_PER,W_MCE50011R1,1,W_WRIT,70,T1 Rescore,5,13,1,W40A21
Music Creation & Enterprise,Creative Arts,Performing Arts,N,W_BA1133F3,BA (Hons) Music Creation & Enterprise,3,5,W_MCE50011R,W_MCE50011R,Sound Design,W_UG,5,20,200,W_CRA,N,N,W_MCE50011R1,W_MCE50011R1,Sound Design V1,W40A21,N,2025/26,W_S1,HUGC1,,W_PER,W_MCE50011R1,2,W_PRES,30,T2 Viva Voce,5,15,1,W40A21
Music Creation & Enterprise,Creative Arts,Performing Arts,N,W_BA1133F3,BA (Hons) Music Creation & Enterprise,3,6,W_MCE6C015R,W_MCE6C015R,Contemporary Music Industry,W_UG,6,20,200,W_CRA,N,N,W_MCE6C015R1,W_MCE6C015R1,Contemporary Music Industry V1,W40A21,N,2025/26,W_S1,HUGC1,,W_PER,W_MCE6C015R1,1,W_WRIT,30,T1 Research poster,5,14,1,W40A21
Music Creation & Enterprise,Creative Arts,Performing Arts,N,W_BA1133F3,BA (Hons) Music Creation & Enterprise,3,6,W_MCE6C015R,W_MCE6C015R,Contemporary Music Industry,W_UG,6,20,200,W_CRA,N,N,W_MCE6C015R1,W_MCE6C015R1,Contemporary Music Industry V1,W40A21,N,2025/26,W_S1,HUGC1,,W_PER,W_MCE6C015R1,2,W_PRES,70,T2 Symposium Presentation,5,24,2,W40A21
Music Creation & Enterprise,Creative Arts,Performing Arts,N,W_BA1133F3,BA (Hons) Music Creation & Enterprise,3,6,W_MCE6C016R,W_MCE6C016R,Portfolio Review,W_UG,6,20,200,W_CRA,N,N,W_MCE6C016R1,W_MCE6C016R1,Portfolio Review V1,W40A21,N,2025/26,W_UGYR,HUGC1,,W_PER,W_MCE6C016R1,1,W_WRIT,100,T1 Portfolio Review,5,30,2,W40A21
Music Creation & Enterprise,Creative Arts,Performing Arts,N,W_BA1133F3,BA (Hons) Music Creation & Enterprise,3,6,W_MCE6C017R,W_MCE6C017R,Electronic Press Kit,W_UG,6,20,200,W_CRA,N,N,W_MCE6C017R1,W_MCE6C017R1,Electronic Press Kit V1,W40A21,N,2025/26,W_S2,HUGC1,,W_PER,W_MCE6C017R1,1,W_WRIT,60,T1 Digital portfolio,5,28,2,W40A21
Music Creation & Enterprise,Creative Arts,Performing Arts,N,W_BA1133F3,BA (Hons) Music Creation & Enterprise,3,6,W_MCE6C017R,W_MCE6C017R,Electronic Press Kit,W_UG,6,20,200,W_CRA,N,N,W_MCE6C017R1,W_MCE6C017R1,Electronic Press Kit V1,W40A21,N,2025/26,W_S2,HUGC1,,W_PER,W_MCE6C017R1,2,W_WRIT,40,T2 Wrtten evaluation,5,30,2,W40A21
Music Creation & Enterprise,Creative Arts,Performing Arts,N,W_BA1133F3,BA (Hons) Music Creation & Enterprise,3,6,W_MCE6C018R,W_MCE6C018R,Major Project,W_UG,6,60,600,W_CRA,N,N,W_MCE6C018R1,W_MCE6C018R1,Major Project V1,W40A21,N,2025/26,W_UGYR,HUGC1,,W_PER,W_MCE6C018R1,1,W_WRIT,10,T1 Proposal,5,6,1,W40A21
Music Creation & Enterprise,Creative Arts,Performing Arts,N,W_BA1133F3,BA (Hons) Music Creation & Enterprise,3,6,W_MCE6C018R,W_MCE6C018R,Major Project,W_UG,6,60,600,W_CRA,N,N,W_MCE6C018R1,W_MCE6C018R1,Major Project V1,W40A21,N,2025/26,W_UGYR,HUGC1,,W_PER,W_MCE6C018R1,2,W_PRAC,60,T2 Practical Project,5,27,2,W40A21
Music Creation & Enterprise,Creative Arts,Performing Arts,N,W_BA1133F3,BA (Hons) Music Creation & Enterprise,3,6,W_MCE6C018R,W_MCE6C018R,Major Project,W_UG,6,60,600,W_CRA,N,N,W_MCE6C018R1,W_MCE6C018R1,Major Project V1,W40A21,N,2025/26,W_UGYR,HUGC1,,W_PER,W_MCE6C018R1,3,W_PRES,30,T3 Viva Voce,5,29,2,W40A21
Animation,Creative Arts,Art,Y,W_FD1004FR,FD Animation,2,4,W_ART4C004R,W_ART4C004R,Commercial Practice,W_UG,4,20,200,W_CRA,Y,Y,W_ART4C004R1,W_ART4C004R1,Commercial Practice V1,W40A21,Y,2025/26,W_S2,MERM1,BATS1,W_ART,W_ART4C004R1,1,W_ORAL,40,T1 Pitch,5,32,2,W40A21
Animation,Creative Arts,Art,Y,W_FD1004FR,FD Animation,2,4,W_ART4C004R,W_ART4C004R,Commercial Practice,W_UG,4,20,200,W_CRA,Y,Y,W_ART4C004R1,W_ART4C004R1,Commercial Practice V1,W40A21,Y,2025/26,W_S2,MERM1,BATS1,W_ART,W_ART4C004R1,2,W_PRES,60,T2 Project Proposal Presentation,5,38,2,W40A21
Animation,Creative Arts,Art,Y,W_FD1004FR,FD Animation,2,4,W_ART4C005R,W_ART4C005R,The Creative Professional,W_UG,4,20,200,W_CRA,Y,Y,W_ART4C005R1,W_ART4C005R1,The Creative Professional V1,W40A21,Y,2025/26,W_S1,MERM1,BATS1,W_ART,W_ART4C005R1,1,W_WRIT,50,T1 Case Study,5,17,1,W40A21
Animation,Creative Arts,Art,Y,W_FD1004FR,FD Animation,2,4,W_ART4C005R,W_ART4C005R,The Creative Professional,W_UG,4,20,200,W_CRA,Y,Y,W_ART4C005R1,W_ART4C005R1,The Creative Professional V1,W40A21,Y,2025/26,W_S1,MERM1,BATS1,W_ART,W_ART4C005R1,2,W_PRAC,50,T2 Skills Audit,5,19,1,W40A21
Animation,Creative Arts,Art,Y,W_FD1004FR,FD Animation,2,4,W_ART4C040R,W_ART4C040R,2D and 3D Techniques,W_UG,4,20,200,W_CRA,Y,N,W_ART4C040R1,W_ART4C040R1,2D and 3D Techniques V1,W40A21,Y,2025/26,W_S1,LANC1,BATS1,W_ART,W_ART4C040R1,1,W_WRIT,70,T1 Portfolio,5,20,1,W40A21
Animation,Creative Arts,Art,Y,W_FD1004FR,FD Animation,2,4,W_ART4C040R,W_ART4C040R,2D and 3D Techniques,W_UG,4,20,200,W_CRA,Y,N,W_ART4C040R1,W_ART4C040R1,2D and 3D Techniques V1,W40A21,Y,2025/26,W_S1,LANC1,BATS1,W_ART,W_ART4C040R1,2,W_REFL,30,T2 Diarised Log,5,24,1,W40A21
Animation,Creative Arts,Art,Y,W_FD1004FR,FD Animation,2,4,W_ART4C041R,W_ART4C041R,Animation in Context,W_UG,4,20,200,W_CRA,Y,N,W_ART4C041R1,W_ART4C041R1,Animation in Context V1,W40A21,Y,2025/26,W_S2,KOLM1,BATS1,W_ART,W_ART4C041R1,1,W_WRIT,50,T1 Written Assignment,5,33,2,W40A21
Animation,Creative Arts,Art,Y,W_FD1004FR,FD Animation,2,4,W_ART4C041R,W_ART4C041R,Animation in Context,W_UG,4,20,200,W_CRA,Y,N,W_ART4C041R1,W_ART4C041R1,Animation in Context V1,W40A21,Y,2025/26,W_S2,KOLM1,BATS1,W_ART,W_ART4C041R1,2,W_PRAC,50,T2 Individual Presentation,5,35,2,W40A21
Animation,Creative Arts,Art,Y,W_FD1004FR,FD Animation,2,4,W_ART4C043R,W_ART4C043R,Motion Techniques,W_UG,4,20,200,W_CRA,Y,N,W_ART4C043R1,W_ART4C043R1,Motion Techniques V1,W40A21,Y,2025/26,W_S2,LANC1,BATS1,W_ART,W_ART4C043R1,1,W_PRAC,60,T1 Animations,5,40,2,W40A21
Animation,Creative Arts,Art,Y,W_FD1004FR,FD Animation,2,4,W_ART4C043R,W_ART4C043R,Motion Techniques,W_UG,4,20,200,W_CRA,Y,N,W_ART4C043R1,W_ART4C043R1,Motion Techniques V1,W40A21,Y,2025/26,W_S2,LANC1,BATS1,W_ART,W_ART4C043R1,2,W_WRIT,40,T2 Supporting Statement,5,42,2,W40A21
Animation,Creative Arts,Art,Y,W_FD1004FR,FD Animation,2,4,W_ART4C044R,W_ART4C044R,Pre-production Techniques,W_UG,4,20,200,W_CRA,Y,N,W_ART4C044R1,W_ART4C044R1,Pre-production Techniques V1,W40A21,Y,2025/26,W_S1,LANC1,BATS1,W_ART,W_ART4C044R1,1,W_WRIT,70,T1 Pre Production Portfolio,5,17,1,W40A21
Animation,Creative Arts,Art,Y,W_FD1004FR,FD Animation,2,4,W_ART4C044R,W_ART4C044R,Pre-production Techniques,W_UG,4,20,200,W_CRA,Y,N,W_ART4C044R1,W_ART4C044R1,Pre-production Techniques V1,W40A21,Y,2025/26,W_S1,LANC1,BATS1,W_ART,W_ART4C044R1,2,W_REFL,30,T2 Reflection,5,19,1,W40A21
Animation,Creative Arts,Art,Y,W_FD1004FR,FD Animation,2,5,W_ART5C008R,W_ART5C008R,Collaboration,W_UG,5,20,200,W_CRA,Y,Y,W_ART5C008R1,W_ART5C008R1,Collaboration V1,W40A21,Y,2025/26,W_S1,KOLM1,BATS1,W_ART,W_ART5C008R1,1,W_WRIT,100,T1 Collaborative Project Report,5,20,1,W40A21
Animation,Creative Arts,Art,Y,W_FD1004FR,FD Animation,2,5,W_ART5C047R,W_ART5C047R,Contemporary Issues in Animation,W_UG,5,20,200,W_CRA,Y,N,W_ART5C047R1,W_ART5C047R1,Contemporary Issues in Animation V1,W40A21,Y,2025/26,W_S1,BOOP1,BATS1,W_ART,W_ART5C047R1,1,W_WRIT,40,T1 Case Study,5,31,2,W40A21
Animation,Creative Arts,Art,Y,W_FD1004FR,FD Animation,2,5,W_ART5C047R,W_ART5C047R,Contemporary Issues in Animation,W_UG,5,20,200,W_CRA,Y,N,W_ART5C047R1,W_ART5C047R1,Contemporary Issues in Animation V1,W40A21,Y,2025/26,W_S1,BOOP1,BATS1,W_ART,W_ART5C047R1,2,W_WRIT,60,T2 Essay,5,38,2,W40A21
Animation,Creative Arts,Art,Y,W_FD1004FR,FD Animation,2,5,W_ART5C048R,W_ART5C048R,Personal Project,W_UG,5,20,200,W_CRA,Y,N,W_ART5C048R1,W_ART5C048R1,Personal Project V1,W40A21,Y,2025/26,W_S2,LANC1,BATS1,W_ART,W_ART5C048R1,1,W_WRIT,50,T1 Extended Project,5,35,2,W40A21
Animation,Creative Arts,Art,Y,W_FD1004FR,FD Animation,2,5,W_ART5C048R,W_ART5C048R,Personal Project,W_UG,5,20,200,W_CRA,Y,N,W_ART5C048R1,W_ART5C048R1,Personal Project V1,W40A21,Y,2025/26,W_S2,LANC1,BATS1,W_ART,W_ART5C048R1,2,W_PRES,50,T2 Artist Talk,5,40,2,W40A21
Animation,Creative Arts,Art,Y,W_FD1004FR,FD Animation,2,5,W_ART5C049R,W_ART5C049R,Hybrid Techniques,W_UG,5,20,200,W_CRA,Y,N,W_ART5C049R1,W_ART5C049R1,Hybrid Techniques V1,W40A21,Y,2025/26,W_S1,LANC1,BATS1,W_ART,W_ART5C049R1,1,W_PRAC,60,T1 Hybrid Animation,5,19,1,W40A21
Animation,Creative Arts,Art,Y,W_FD1004FR,FD Animation,2,5,W_ART5C049R,W_ART5C049R,Hybrid Techniques,W_UG,5,20,200,W_CRA,Y,N,W_ART5C049R1,W_ART5C049R1,Hybrid Techniques V1,W40A21,Y,2025/26,W_S1,LANC1,BATS1,W_ART,W_ART5C049R1,2,W_REFL,40,T2 Contextualising Statement,5,24,1,W40A21
Animation,Creative Arts,Art,Y,W_FD1004FR,FD Animation,2,5,W_ART5C050R,W_ART5C050R,Live Brief,W_UG,5,40,400,W_CRA,Y,N,W_ART5C050R1,W_ART5C050R1,Live Brief V1,W40A21,Y,2025/26,W_S2,LANC1,BATS1,W_ART,W_ART5C050R1,1,W_PRES,40,T1 Employer Live Brief,5,25,2,W40A21
Animation,Creative Arts,Art,Y,W_FD1004FR,FD Animation,2,5,W_ART5C050R,W_ART5C050R,Live Brief,W_UG,5,40,400,W_CRA,Y,N,W_ART5C050R1,W_ART5C050R1,Live Brief V1,W40A21,Y,2025/26,W_S2,LANC1,BATS1,W_ART,W_ART5C050R1,2,W_WRIT,60,T2 Student led work related project,5,41,2,W40A21
Graphic Design,Creative Arts,Art,Y,W_BA1144FR,BA (Hons) Graphic Design,3,4,W_ART4C004R,W_ART4C004R,Commercial Practice,W_UG,4,20,200,W_CRA,Y,Y,W_ART4C004R1,W_ART4C004R1,Commercial Practice V1,W40A21,Y,2025/26,W_S2,MERM1,BATS1,W_ART,W_ART4C004R1,1,W_ORAL,40,T1 Pitch,5,32,2,W40A21
Graphic Design,Creative Arts,Art,Y,W_BA1144FR,BA (Hons) Graphic Design,3,4,W_ART4C004R,W_ART4C004R,Commercial Practice,W_UG,4,20,200,W_CRA,Y,Y,W_ART4C004R1,W_ART4C004R1,Commercial Practice V1,W40A21,Y,2025/26,W_S2,MERM1,BATS1,W_ART,W_ART4C004R1,2,W_PRES,60,T2 Project Proposal Presentation,5,38,2,W40A21
Graphic Design,Creative Arts,Art,Y,W_BA1144FR,BA (Hons) Graphic Design,3,4,W_ART4C005R,W_ART4C005R,The Creative Professional,W_UG,4,20,200,W_CRA,Y,Y,W_ART4C005R1,W_ART4C005R1,The Creative Professional V1,W40A21,Y,2025/26,W_S1,MERM1,BATS1,W_ART,W_ART4C005R1,1,W_WRIT,50,T1 Case Study,5,17,1,W40A21
Graphic Design,Creative Arts,Art,Y,W_BA1144FR,BA (Hons) Graphic Design,3,4,W_ART4C005R,W_ART4C005R,The Creative Professional,W_UG,4,20,200,W_CRA,Y,Y,W_ART4C005R1,W_ART4C005R1,The Creative Professional V1,W40A21,Y,2025/26,W_S1,MERM1,BATS1,W_ART,W_ART4C005R1,2,W_PRAC,50,T2 Skills Audit,5,19,1,W40A21
Graphic Design,Creative Arts,Art,Y,W_BA1144FR,BA (Hons) Graphic Design,3,4,W_ART4C020R,W_ART4C020R,Typography,W_UG,4,20,200,W_CRA,Y,N,W_ART4C020R1,W_ART4C020R1,Typography V1,W40A21,Y,2025/26,W_S2,GORS2,BATS1,W_ART,W_ART4C020R1,1,W_WRIT,40,T1 Portfolio,5,24,1,W40A21
Graphic Design,Creative Arts,Art,Y,W_BA1144FR,BA (Hons) Graphic Design,3,4,W_ART4C020R,W_ART4C020R,Typography,W_UG,4,20,200,W_CRA,Y,N,W_ART4C020R1,W_ART4C020R1,Typography V1,W40A21,Y,2025/26,W_S2,GORS2,BATS1,W_ART,W_ART4C020R1,2,W_WRIT,60,T2 Supporting Workbook,5,24,1,W40A21
Graphic Design,Creative Arts,Art,Y,W_BA1144FR,BA (Hons) Graphic Design,3,4,W_ART4C086R,W_ART4C086R,Digital Design Fundamentals,W_UG,4,20,200,W_CRA,Y,N,W_ART4C086R1,W_ART4C086R1,Digital Design Fundamentals V1,W40A21,Y,2025/26,W_S1,GORS2,BATS1,W_ART,W_ART4C086R1,,,,,5,,,W40A21
Graphic Design,Creative Arts,Art,Y,W_BA1144FR,BA (Hons) Graphic Design,3,4,W_ART4C087R,W_ART4C087R,Branding and Visual Design,W_UG,4,20,200,W_CRA,Y,N,W_ART4C087R1,W_ART4C087R1,Branding and Visual Design V1,W40A21,Y,2025/26,W_S2,GORS2,BATS1,W_ART,W_ART4C087R1,,,,,5,,,W40A21
Graphic Design,Creative Arts,Art,Y,W_BA1144FR,BA (Hons) Graphic Design,3,4,W_ART4C088R,W_ART4C088R,Graphic Design in Context,W_UG,4,20,200,W_CRA,Y,N,W_ART4C088R1,W_ART4C088R1,Graphic Design in Context V1,W40A21,Y,2025/26,W_UGYR,GORS2,BATS1,W_ART,W_ART4C088R1,,,,,5,,,W40A21
Graphic Design,Creative Arts,Art,N,W_BA1144FR,BA (Hons) Graphic Design,3,5,,,,,5,,,,,,,,,,,,,,,,,,,,,,,,
Graphic Design,Creative Arts,Art,N,W_BA1144FR,BA (Hons) Graphic Design,3,6,,,,,6,,,,,,,,,,,,,,,,,,,,,,,,
,,,,,,,,,,,,,,,,,,,,,,,,,,,,,,,,,,,,
,,,,,,,,,,,,,,,,,,,,,,,,,,,,,,,,,,,,
,,,,,,,,,,,,,,,,,,,,,,,,,,,,,,,,,,,,
,,,,,,,,,,,,,,,,,,,,,,,,,,,,,,,,,,,,
,,,,,,,,,,,,,,,,,,,,,,,,,,,,,,,,,,,,
,,,,,,,,,,,,,,,,,,,,,,,,,,,,,,,,,,,,
,,,,,,,,,,,,,,,,,,,,,,,,,,,,,,,,,,,,
,,,,,,,,,,,,,,,,,,,,,,,,,,,,,,,,,,,,
,,,,,,,,,,,,,,,,,,,,,,,,,,,,,,,,,,,,
,,,,,,,,,,,,,,,,,,,,,,,,,,,,,,,,,,,,
,,,,,,,,,,,,,,,,,,,,,,,,,,,,,,,,,,,,
,,,,,,,,,,,,,,,,,,,,,,,,,,,,,,,,,,,,
,,,,,,,,,,,,,,,,,,,,,,,,,,,,,,,,,,,,
,,,,,,,,,,,,,,,,,,,,,,,,,,,,,,,,,,,,
,,,,,,,,,,,,,,,,,,,,,,,,,,,,,,,,,,,,
,,,,,,,,,,,,,,,,,,,,,,,,,,,,,,,,,,,,
,,,,,,,,,,,,,,,,,,,,,,,,,,,,,,,,,,,,
,,,,,,,,,,,,,,,,,,,,,,,,,,,,,,,,,,,,
,,,,,,,,,,,,,,,,,,,,,,,,,,,,,,,,,,,,
,,,,,,,,,,,,,,,,,,,,,,,,,,,,,,,,,,,,
,,,,,,,,,,,,,,,,,,,,,,,,,,,,,,,,,,,,
,,,,,,,,,,,,,,,,,,,,,,,,,,,,,,,,,,,,
,,,,,,,,,,,,,,,,,,,,,,,,,,,,,,,,,,,,
,,,,,,,,,,,,,,,,,,,,,,,,,,,,,,,,,,,,
,,,,,,,,,,,,,,,,,,,,,,,,,,,,,,,,,,,,
,,,,,,,,,,,,,,,,,,,,,,,,,,,,,,,,,,,,
,,,,,,,,,,,,,,,,,,,,,,,,,,,,,,,,,,,,
,,,,,,,,,,,,,,,,,,,,,,,,,,,,,,,,,,,,
,,,,,,,,,,,,,,,,,,,,,,,,,,,,,,,,,,,,
,,,,,,,,,,,,,,,,,,,,,,,,,,,,,,,,,,,,
,,,,,,,,,,,,,,,,,,,,,,,,,,,,,,,,,,,,
,,,,,,,,,,,,,,,,,,,,,,,,,,,,,,,,,,,,
,,,,,,,,,,,,,,,,,,,,,,,,,,,,,,,,,,,,
,,,,,,,,,,,,,,,,,,,,,,,,,,,,,,,,,,,,
,,,,,,,,,,,,,,,,,,,,,,,,,,,,,,,,,,,,
,,,,,,,,,,,,,,,,,,,,,,,,,,,,,,,,,,,,
,,,,,,,,,,,,,,,,,,,,,,,,,,,,,,,,,,,,
,,,,,,,,,,,,,,,,,,,,,,,,,,,,,,,,,,,,
,,,,,,,,,,,,,,,,,,,,,,,,,,,,,,,,,,,,
,,,,,,,,,,,,,,,,,,,,,,,,,,,,,,,,,,,,
,,,,,,,,,,,,,,,,,,,,,,,,,,,,,,,,,,,,
,,,,,,,,,,,,,,,,,,,,,,,,,,,,,,,,,,,,
,,,,,,,,,,,,,,,,,,,,,,,,,,,,,,,,,,,,
,,,,,,,,,,,,,,,,,,,,,,,,,,,,,,,,,,,,
,,,,,,,,,,,,,,,,,,,,,,,,,,,,,,,,,,,,
,,,,,,,,,,,,,,,,,,,,,,,,,,,,,,,,,,,,
,,,,,,,,,,,,,,,,,,,,,,,,,,,,,,,,,,,,
,,,,,,,,,,,,,,,,,,,,,,,,,,,,,,,,,,,,
,,,,,,,,,,,,,,,,,,,,,,,,,,,,,,,,,,,,
,,,,,,,,,,,,,,,,,,,,,,,,,,,,,,,,,,,,
,,,,,,,,,,,,,,,,,,,,,,,,,,,,,,,,,,,,
,,,,,,,,,,,,,,,,,,,,,,,,,,,,,,,,,,,,
,,,,,,,,,,,,,,,,,,,,,,,,,,,,,,,,,,,,
,,,,,,,,,,,,,,,,,,,,,,,,,,,,,,,,,,,,
,,,,,,,,,,,,,,,,,,,,,,,,,,,,,,,,,,,,
,,,,,,,,,,,,,,,,,,,,,,,,,,,,,,,,,,,,
,,,,,,,,,,,,,,,,,,,,,,,,,,,,,,,,,,,,
,,,,,,,,,,,,,,,,,,,,,,,,,,,,,,,,,,,,
,,,,,,,,,,,,,,,,,,,,,,,,,,,,,,,,,,,,
,,,,,,,,,,,,,,,,,,,,,,,,,,,,,,,,,,,,
,,,,,,,,,,,,,,,,,,,,,,,,,,,,,,,,,,,,
,,,,,,,,,,,,,,,,,,,,,,,,,,,,,,,,,,,,
,,,,,,,,,,,,,,,,,,,,,,,,,,,,,,,,,,,,
,,,,,,,,,,,,,,,,,,,,,,,,,,,,,,,,,,,,
,,,,,,,,,,,,,,,,,,,,,,,,,,,,,,,,,,,,
,,,,,,,,,,,,,,,,,,,,,,,,,,,,,,,,,,,,
,,,,,,,,,,,,,,,,,,,,,,,,,,,,,,,,,,,,
,,,,,,,,,,,,,,,,,,,,,,,,,,,,,,,,,,,,
,,,,,,,,,,,,,,,,,,,,,,,,,,,,,,,,,,,,
,,,,,,,,,,,,,,,,,,,,,,,,,,,,,,,,,,,,
,,,,,,,,,,,,,,,,,,,,,,,,,,,,,,,,,,,,
,,,,,,,,,,,,,,,,,,,,,,,,,,,,,,,,,,,,
,,,,,,,,,,,,,,,,,,,,,,,,,,,,,,,,,,,,
,,,,,,,,,,,,,,,,,,,,,,,,,,,,,,,,,,,,
,,,,,,,,,,,,,,,,,,,,,,,,,,,,,,,,,,,,
,,,,,,,,,,,,,,,,,,,,,,,,,,,,,,,,,,,,
,,,,,,,,,,,,,,,,,,,,,,,,,,,,,,,,,,,,
,,,,,,,,,,,,,,,,,,,,,,,,,,,,,,,,,,,,
,,,,,,,,,,,,,,,,,,,,,,,,,,,,,,,,,,,,
,,,,,,,,,,,,,,,,,,,,,,,,,,,,,,,,,,,,
,,,,,,,,,,,,,,,,,,,,,,,,,,,,,,,,,,,,
,,,,,,,,,,,,,,,,,,,,,,,,,,,,,,,,,,,,
,,,,,,,,,,,,,,,,,,,,,,,,,,,,,,,,,,,,
,,,,,,,,,,,,,,,,,,,,,,,,,,,,,,,,,,,,
,,,,,,,,,,,,,,,,,,,,,,,,,,,,,,,,,,,,
,,,,,,,,,,,,,,,,,,,,,,,,,,,,,,,,,,,,
,,,,,,,,,,,,,,,,,,,,,,,,,,,,,,,,,,,,
,,,,,,,,,,,,,,,,,,,,,,,,,,,,,,,,,,,,
,,,,,,,,,,,,,,,,,,,,,,,,,,,,,,,,,,,,
,,,,,,,,,,,,,,,,,,,,,,,,,,,,,,,,,,,,
,,,,,,,,,,,,,,,,,,,,,,,,,,,,,,,,,,,,
,,,,,,,,,,,,,,,,,,,,,,,,,,,,,,,,,,,,
,,,,,,,,,,,,,,,,,,,,,,,,,,,,,,,,,,,,
,,,,,,,,,,,,,,,,,,,,,,,,,,,,,,,,,,,,
,,,,,,,,,,,,,,,,,,,,,,,,,,,,,,,,,,,,
,,,,,,,,,,,,,,,,,,,,,,,,,,,,,,,,,,,,
,,,,,,,,,,,,,,,,,,,,,,,,,,,,,,,,,,,,
,,,,,,,,,,,,,,,,,,,,,,,,,,,,,,,,,,,,
,,,,,,,,,,,,,,,,,,,,,,,,,,,,,,,,,,,,
,,,,,,,,,,,,,,,,,,,,,,,,,,,,,,,,,,,,
,,,,,,,,,,,,,,,,,,,,,,,,,,,,,,,,,,,,
,,,,,,,,,,,,,,,,,,,,,,,,,,,,,,,,,,,,
,,,,,,,,,,,,,,,,,,,,,,,,,,,,,,,,,,,,
,,,,,,,,,,,,,,,,,,,,,,,,,,,,,,,,,,,,
,,,,,,,,,,,,,,,,,,,,,,,,,,,,,,,,,,,,
,,,,,,,,,,,,,,,,,,,,,,,,,,,,,,,,,,,,
,,,,,,,,,,,,,,,,,,,,,,,,,,,,,,,,,,,,
,,,,,,,,,,,,,,,,,,,,,,,,,,,,,,,,,,,,
,,,,,,,,,,,,,,,,,,,,,,,,,,,,,,,,,,,,
,,,,,,,,,,,,,,,,,,,,,,,,,,,,,,,,,,,,
,,,,,,,,,,,,,,,,,,,,,,,,,,,,,,,,,,,,
,,,,,,,,,,,,,,,,,,,,,,,,,,,,,,,,,,,,
,,,,,,,,,,,,,,,,,,,,,,,,,,,,,,,,,,,,
,,,,,,,,,,,,,,,,,,,,,,,,,,,,,,,,,,,,
,,,,,,,,,,,,,,,,,,,,,,,,,,,,,,,,,,,,
,,,,,,,,,,,,,,,,,,,,,,,,,,,,,,,,,,,,
,,,,,,,,,,,,,,,,,,,,,,,,,,,,,,,,,,,,
,,,,,,,,,,,,,,,,,,,,,,,,,,,,,,,,,,,,
,,,,,,,,,,,,,,,,,,,,,,,,,,,,,,,,,,,,
,,,,,,,,,,,,,,,,,,,,,,,,,,,,,,,,,,,,
,,,,,,,,,,,,,,,,,,,,,,,,,,,,,,,,,,,,
,,,,,,,,,,,,,,,,,,,,,,,,,,,,,,,,,,,,
,,,,,,,,,,,,,,,,,,,,,,,,,,,,,,,,,,,,
,,,,,,,,,,,,,,,,,,,,,,,,,,,,,,,,,,,,
,,,,,,,,,,,,,,,,,,,,,,,,,,,,,,,,,,,,
,,,,,,,,,,,,,,,,,,,,,,,,,,,,,,,,,,,,
,,,,,,,,,,,,,,,,,,,,,,,,,,,,,,,,,,,,
,,,,,,,,,,,,,,,,,,,,,,,,,,,,,,,,,,,,
,,,,,,,,,,,,,,,,,,,,,,,,,,,,,,,,,,,,
,,,,,,,,,,,,,,,,,,,,,,,,,,,,,,,,,,,,
,,,,,,,,,,,,,,,,,,,,,,,,,,,,,,,,,,,,
,,,,,,,,,,,,,,,,,,,,,,,,,,,,,,,,,,,,
,,,,,,,,,,,,,,,,,,,,,,,,,,,,,,,,,,,,
,,,,,,,,,,,,,,,,,,,,,,,,,,,,,,,,,,,,
,,,,,,,,,,,,,,,,,,,,,,,,,,,,,,,,,,,,
,,,,,,,,,,,,,,,,,,,,,,,,,,,,,,,,,,,,
,,,,,,,,,,,,,,,,,,,,,,,,,,,,,,,,,,,,
,,,,,,,,,,,,,,,,,,,,,,,,,,,,,,,,,,,,
,,,,,,,,,,,,,,,,,,,,,,,,,,,,,,,,,,,,
,,,,,,,,,,,,,,,,,,,,,,,,,,,,,,,,,,,,
,,,,,,,,,,,,,,,,,,,,,,,,,,,,,,,,,,,,
,,,,,,,,,,,,,,,,,,,,,,,,,,,,,,,,,,,,
,,,,,,,,,,,,,,,,,,,,,,,,,,,,,,,,,,,,
,,,,,,,,,,,,,,,,,,,,,,,,,,,,,,,,,,,,
,,,,,,,,,,,,,,,,,,,,,,,,,,,,,,,,,,,,
,,,,,,,,,,,,,,,,,,,,,,,,,,,,,,,,,,,,
,,,,,,,,,,,,,,,,,,,,,,,,,,,,,,,,,,,,
,,,,,,,,,,,,,,,,,,,,,,,,,,,,,,,,,,,,
,,,,,,,,,,,,,,,,,,,,,,,,,,,,,,,,,,,,
,,,,,,,,,,,,,,,,,,,,,,,,,,,,,,,,,,,,
,,,,,,,,,,,,,,,,,,,,,,,,,,,,,,,,,,,,
,,,,,,,,,,,,,,,,,,,,,,,,,,,,,,,,,,,,
,,,,,,,,,,,,,,,,,,,,,,,,,,,,,,,,,,,,
,,,,,,,,,,,,,,,,,,,,,,,,,,,,,,,,,,,,
,,,,,,,,,,,,,,,,,,,,,,,,,,,,,,,,,,,,
,,,,,,,,,,,,,,,,,,,,,,,,,,,,,,,,,,,,
,,,,,,,,,,,,,,,,,,,,,,,,,,,,,,,,,,,,
,,,,,,,,,,,,,,,,,,,,,,,,,,,,,,,,,,,,
,,,,,,,,,,,,,,,,,,,,,,,,,,,,,,,,,,,,
,,,,,,,,,,,,,,,,,,,,,,,,,,,,,,,,,,,,
,,,,,,,,,,,,,,,,,,,,,,,,,,,,,,,,,,,,
,,,,,,,,,,,,,,,,,,,,,,,,,,,,,,,,,,,,
,,,,,,,,,,,,,,,,,,,,,,,,,,,,,,,,,,,,
,,,,,,,,,,,,,,,,,,,,,,,,,,,,,,,,,,,,
,,,,,,,,,,,,,,,,,,,,,,,,,,,,,,,,,,,,
,,,,,,,,,,,,,,,,,,,,,,,,,,,,,,,,,,,,
,,,,,,,,,,,,,,,,,,,,,,,,,,,,,,,,,,,,
,,,,,,,,,,,,,,,,,,,,,,,,,,,,,,,,,,,,
,,,,,,,,,,,,,,,,,,,,,,,,,,,,,,,,,,,,
,,,,,,,,,,,,,,,,,,,,,,,,,,,,,,,,,,,,
,,,,,,,,,,,,,,,,,,,,,,,,,,,,,,,,,,,,
,,,,,,,,,,,,,,,,,,,,,,,,,,,,,,,,,,,,
,,,,,,,,,,,,,,,,,,,,,,,,,,,,,,,,,,,,
,,,,,,,,,,,,,,,,,,,,,,,,,,,,,,,,,,,,
,,,,,,,,,,,,,,,,,,,,,,,,,,,,,,,,,,,,
,,,,,,,,,,,,,,,,,,,,,,,,,,,,,,,,,,,,
,,,,,,,,,,,,,,,,,,,,,,,,,,,,,,,,,,,,
,,,,,,,,,,,,,,,,,,,,,,,,,,,,,,,,,,,,
,,,,,,,,,,,,,,,,,,,,,,,,,,,,,,,,,,,,
,,,,,,,,,,,,,,,,,,,,,,,,,,,,,,,,,,,,
,,,,,,,,,,,,,,,,,,,,,,,,,,,,,,,,,,,,
,,,,,,,,,,,,,,,,,,,,,,,,,,,,,,,,,,,,
,,,,,,,,,,,,,,,,,,,,,,,,,,,,,,,,,,,,
,,,,,,,,,,,,,,,,,,,,,,,,,,,,,,,,,,,,
,,,,,,,,,,,,,,,,,,,,,,,,,,,,,,,,,,,,
,,,,,,,,,,,,,,,,,,,,,,,,,,,,,,,,,,,,
,,,,,,,,,,,,,,,,,,,,,,,,,,,,,,,,,,,,
,,,,,,,,,,,,,,,,,,,,,,,,,,,,,,,,,,,,
,,,,,,,,,,,,,,,,,,,,,,,,,,,,,,,,,,,,
,,,,,,,,,,,,,,,,,,,,,,,,,,,,,,,,,,,,
,,,,,,,,,,,,,,,,,,,,,,,,,,,,,,,,,,,,
,,,,,,,,,,,,,,,,,,,,,,,,,,,,,,,,,,,,
,,,,,,,,,,,,,,,,,,,,,,,,,,,,,,,,,,,,
,,,,,,,,,,,,,,,,,,,,,,,,,,,,,,,,,,,,
,,,,,,,,,,,,,,,,,,,,,,,,,,,,,,,,,,,,
,,,,,,,,,,,,,,,,,,,,,,,,,,,,,,,,,,,,
,,,,,,,,,,,,,,,,,,,,,,,,,,,,,,,,,,,,
,,,,,,,,,,,,,,,,,,,,,,,,,,,,,,,,,,,,
,,,,,,,,,,,,,,,,,,,,,,,,,,,,,,,,,,,,
,,,,,,,,,,,,,,,,,,,,,,,,,,,,,,,,,,,,
,,,,,,,,,,,,,,,,,,,,,,,,,,,,,,,,,,,,
,,,,,,,,,,,,,,,,,,,,,,,,,,,,,,,,,,,,
,,,,,,,,,,,,,,,,,,,,,,,,,,,,,,,,,,,,
,,,,,,,,,,,,,,,,,,,,,,,,,,,,,,,,,,,,
,,,,,,,,,,,,,,,,,,,,,,,,,,,,,,,,,,,,
,,,,,,,,,,,,,,,,,,,,,,,,,,,,,,,,,,,,
,,,,,,,,,,,,,,,,,,,,,,,,,,,,,,,,,,,,
,,,,,,,,,,,,,,,,,,,,,,,,,,,,,,,,,,,,
,,,,,,,,,,,,,,,,,,,,,,,,,,,,,,,,,,,,
,,,,,,,,,,,,,,,,,,,,,,,,,,,,,,,,,,,,
,,,,,,,,,,,,,,,,,,,,,,,,,,,,,,,,,,,,
,,,,,,,,,,,,,,,,,,,,,,,,,,,,,,,,,,,,
,,,,,,,,,,,,,,,,,,,,,,,,,,,,,,,,,,,,
,,,,,,,,,,,,,,,,,,,,,,,,,,,,,,,,,,,,
,,,,,,,,,,,,,,,,,,,,,,,,,,,,,,,,,,,,
,,,,,,,,,,,,,,,,,,,,,,,,,,,,,,,,,,,,
,,,,,,,,,,,,,,,,,,,,,,,,,,,,,,,,,,,,
,,,,,,,,,,,,,,,,,,,,,,,,,,,,,,,,,,,,
,,,,,,,,,,,,,,,,,,,,,,,,,,,,,,,,,,,,
,,,,,,,,,,,,,,,,,,,,,,,,,,,,,,,,,,,,
,,,,,,,,,,,,,,,,,,,,,,,,,,,,,,,,,,,,
,,,,,,,,,,,,,,,,,,,,,,,,,,,,,,,,,,,,
,,,,,,,,,,,,,,,,,,,,,,,,,,,,,,,,,,,,
,,,,,,,,,,,,,,,,,,,,,,,,,,,,,,,,,,,,
,,,,,,,,,,,,,,,,,,,,,,,,,,,,,,,,,,,,
,,,,,,,,,,,,,,,,,,,,,,,,,,,,,,,,,,,,
,,,,,,,,,,,,,,,,,,,,,,,,,,,,,,,,,,,,
,,,,,,,,,,,,,,,,,,,,,,,,,,,,,,,,,,,,
,,,,,,,,,,,,,,,,,,,,,,,,,,,,,,,,,,,,
,,,,,,,,,,,,,,,,,,,,,,,,,,,,,,,,,,,,
,,,,,,,,,,,,,,,,,,,,,,,,,,,,,,,,,,,,
,,,,,,,,,,,,,,,,,,,,,,,,,,,,,,,,,,,,
,,,,,,,,,,,,,,,,,,,,,,,,,,,,,,,,,,,,
,,,,,,,,,,,,,,,,,,,,,,,,,,,,,,,,,,,,
,,,,,,,,,,,,,,,,,,,,,,,,,,,,,,,,,,,,
,,,,,,,,,,,,,,,,,,,,,,,,,,,,,,,,,,,,
,,,,,,,,,,,,,,,,,,,,,,,,,,,,,,,,,,,,
,,,,,,,,,,,,,,,,,,,,,,,,,,,,,,,,,,,,
,,,,,,,,,,,,,,,,,,,,,,,,,,,,,,,,,,,,
,,,,,,,,,,,,,,,,,,,,,,,,,,,,,,,,,,,,
,,,,,,,,,,,,,,,,,,,,,,,,,,,,,,,,,,,,
,,,,,,,,,,,,,,,,,,,,,,,,,,,,,,,,,,,,
,,,,,,,,,,,,,,,,,,,,,,,,,,,,,,,,,,,,
,,,,,,,,,,,,,,,,,,,,,,,,,,,,,,,,,,,,
,,,,,,,,,,,,,,,,,,,,,,,,,,,,,,,,,,,,
,,,,,,,,,,,,,,,,,,,,,,,,,,,,,,,,,,,,
,,,,,,,,,,,,,,,,,,,,,,,,,,,,,,,,,,,,
,,,,,,,,,,,,,,,,,,,,,,,,,,,,,,,,,,,,
,,,,,,,,,,,,,,,,,,,,,,,,,,,,,,,,,,,,
,,,,,,,,,,,,,,,,,,,,,,,,,,,,,,,,,,,,
,,,,,,,,,,,,,,,,,,,,,,,,,,,,,,,,,,,,
,,,,,,,,,,,,,,,,,,,,,,,,,,,,,,,,,,,,
,,,,,,,,,,,,,,,,,,,,,,,,,,,,,,,,,,,,
,,,,,,,,,,,,,,,,,,,,,,,,,,,,,,,,,,,,
,,,,,,,,,,,,,,,,,,,,,,,,,,,,,,,,,,,,
,,,,,,,,,,,,,,,,,,,,,,,,,,,,,,,,,,,,
,,,,,,,,,,,,,,,,,,,,,,,,,,,,,,,,,,,,
,,,,,,,,,,,,,,,,,,,,,,,,,,,,,,,,,,,,
,,,,,,,,,,,,,,,,,,,,,,,,,,,,,,,,,,,,
,,,,,,,,,,,,,,,,,,,,,,,,,,,,,,,,,,,,
,,,,,,,,,,,,,,,,,,,,,,,,,,,,,,,,,,,,
,,,,,,,,,,,,,,,,,,,,,,,,,,,,,,,,,,,,
,,,,,,,,,,,,,,,,,,,,,,,,,,,,,,,,,,,,
,,,,,,,,,,,,,,,,,,,,,,,,,,,,,,,,,,,,
,,,,,,,,,,,,,,,,,,,,,,,,,,,,,,,,,,,,
,,,,,,,,,,,,,,,,,,,,,,,,,,,,,,,,,,,,
,,,,,,,,,,,,,,,,,,,,,,,,,,,,,,,,,,,,
,,,,,,,,,,,,,,,,,,,,,,,,,,,,,,,,,,,,
,,,,,,,,,,,,,,,,,,,,,,,,,,,,,,,,,,,,
,,,,,,,,,,,,,,,,,,,,,,,,,,,,,,,,,,,,
,,,,,,,,,,,,,,,,,,,,,,,,,,,,,,,,,,,,
,,,,,,,,,,,,,,,,,,,,,,,,,,,,,,,,,,,,
,,,,,,,,,,,,,,,,,,,,,,,,,,,,,,,,,,,,
,,,,,,,,,,,,,,,,,,,,,,,,,,,,,,,,,,,,
,,,,,,,,,,,,,,,,,,,,,,,,,,,,,,,,,,,,
,,,,,,,,,,,,,,,,,,,,,,,,,,,,,,,,,,,,
,,,,,,,,,,,,,,,,,,,,,,,,,,,,,,,,,,,,
,,,,,,,,,,,,,,,,,,,,,,,,,,,,,,,,,,,,
,,,,,,,,,,,,,,,,,,,,,,,,,,,,,,,,,,,,
,,,,,,,,,,,,,,,,,,,,,,,,,,,,,,,,,,,,
,,,,,,,,,,,,,,,,,,,,,,,,,,,,,,,,,,,,
,,,,,,,,,,,,,,,,,,,,,,,,,,,,,,,,,,,,
,,,,,,,,,,,,,,,,,,,,,,,,,,,,,,,,,,,,
,,,,,,,,,,,,,,,,,,,,,,,,,,,,,,,,,,,,
,,,,,,,,,,,,,,,,,,,,,,,,,,,,,,,,,,,,
,,,,,,,,,,,,,,,,,,,,,,,,,,,,,,,,,,,,
,,,,,,,,,,,,,,,,,,,,,,,,,,,,,,,,,,,,
,,,,,,,,,,,,,,,,,,,,,,,,,,,,,,,,,,,,
,,,,,,,,,,,,,,,,,,,,,,,,,,,,,,,,,,,,
,,,,,,,,,,,,,,,,,,,,,,,,,,,,,,,,,,,,
,,,,,,,,,,,,,,,,,,,,,,,,,,,,,,,,,,,,
,,,,,,,,,,,,,,,,,,,,,,,,,,,,,,,,,,,,
,,,,,,,,,,,,,,,,,,,,,,,,,,,,,,,,,,,,
,,,,,,,,,,,,,,,,,,,,,,,,,,,,,,,,,,,,
,,,,,,,,,,,,,,,,,,,,,,,,,,,,,,,,,,,,
,,,,,,,,,,,,,,,,,,,,,,,,,,,,,,,,,,,,
,,,,,,,,,,,,,,,,,,,,,,,,,,,,,,,,,,,,
,,,,,,,,,,,,,,,,,,,,,,,,,,,,,,,,,,,,
,,,,,,,,,,,,,,,,,,,,,,,,,,,,,,,,,,,,
,,,,,,,,,,,,,,,,,,,,,,,,,,,,,,,,,,,,
,,,,,,,,,,,,,,,,,,,,,,,,,,,,,,,,,,,,
,,,,,,,,,,,,,,,,,,,,,,,,,,,,,,,,,,,,
,,,,,,,,,,,,,,,,,,,,,,,,,,,,,,,,,,,,
,,,,,,,,,,,,,,,,,,,,,,,,,,,,,,,,,,,,
,,,,,,,,,,,,,,,,,,,,,,,,,,,,,,,,,,,,
,,,,,,,,,,,,,,,,,,,,,,,,,,,,,,,,,,,,
,,,,,,,,,,,,,,,,,,,,,,,,,,,,,,,,,,,,
,,,,,,,,,,,,,,,,,,,,,,,,,,,,,,,,,,,,
,,,,,,,,,,,,,,,,,,,,,,,,,,,,,,,,,,,,
,,,,,,,,,,,,,,,,,,,,,,,,,,,,,,,,,,,,
,,,,,,,,,,,,,,,,,,,,,,,,,,,,,,,,,,,,
,,,,,,,,,,,,,,,,,,,,,,,,,,,,,,,,,,,,
,,,,,,,,,,,,,,,,,,,,,,,,,,,,,,,,,,,,
,,,,,,,,,,,,,,,,,,,,,,,,,,,,,,,,,,,,
,,,,,,,,,,,,,,,,,,,,,,,,,,,,,,,,,,,,
,,,,,,,,,,,,,,,,,,,,,,,,,,,,,,,,,,,,
,,,,,,,,,,,,,,,,,,,,,,,,,,,,,,,,,,,,
,,,,,,,,,,,,,,,,,,,,,,,,,,,,,,,,,,,,
,,,,,,,,,,,,,,,,,,,,,,,,,,,,,,,,,,,,
,,,,,,,,,,,,,,,,,,,,,,,,,,,,,,,,,,,,
,,,,,,,,,,,,,,,,,,,,,,,,,,,,,,,,,,,,
,,,,,,,,,,,,,,,,,,,,,,,,,,,,,,,,,,,,
,,,,,,,,,,,,,,,,,,,,,,,,,,,,,,,,,,,,
,,,,,,,,,,,,,,,,,,,,,,,,,,,,,,,,,,,,
,,,,,,,,,,,,,,,,,,,,,,,,,,,,,,,,,,,,
,,,,,,,,,,,,,,,,,,,,,,,,,,,,,,,,,,,,
,,,,,,,,,,,,,,,,,,,,,,,,,,,,,,,,,,,,
,,,,,,,,,,,,,,,,,,,,,,,,,,,,,,,,,,,,
,,,,,,,,,,,,,,,,,,,,,,,,,,,,,,,,,,,,
,,,,,,,,,,,,,,,,,,,,,,,,,,,,,,,,,,,,
,,,,,,,,,,,,,,,,,,,,,,,,,,,,,,,,,,,,
,,,,,,,,,,,,,,,,,,,,,,,,,,,,,,,,,,,,
,,,,,,,,,,,,,,,,,,,,,,,,,,,,,,,,,,,,
,,,,,,,,,,,,,,,,,,,,,,,,,,,,,,,,,,,,
,,,,,,,,,,,,,,,,,,,,,,,,,,,,,,,,,,,,
,,,,,,,,,,,,,,,,,,,,,,,,,,,,,,,,,,,,
,,,,,,,,,,,,,,,,,,,,,,,,,,,,,,,,,,,,
,,,,,,,,,,,,,,,,,,,,,,,,,,,,,,,,,,,,
,,,,,,,,,,,,,,,,,,,,,,,,,,,,,,,,,,,,
,,,,,,,,,,,,,,,,,,,,,,,,,,,,,,,,,,,,
,,,,,,,,,,,,,,,,,,,,,,,,,,,,,,,,,,,,
,,,,,,,,,,,,,,,,,,,,,,,,,,,,,,,,,,,,
,,,,,,,,,,,,,,,,,,,,,,,,,,,,,,,,,,,,
,,,,,,,,,,,,,,,,,,,,,,,,,,,,,,,,,,,,
,,,,,,,,,,,,,,,,,,,,,,,,,,,,,,,,,,,,
,,,,,,,,,,,,,,,,,,,,,,,,,,,,,,,,,,,,
,,,,,,,,,,,,,,,,,,,,,,,,,,,,,,,,,,,,
,,,,,,,,,,,,,,,,,,,,,,,,,,,,,,,,,,,,
,,,,,,,,,,,,,,,,,,,,,,,,,,,,,,,,,,,,
,,,,,,,,,,,,,,,,,,,,,,,,,,,,,,,,,,,,
,,,,,,,,,,,,,,,,,,,,,,,,,,,,,,,,,,,,
,,,,,,,,,,,,,,,,,,,,,,,,,,,,,,,,,,,,
,,,,,,,,,,,,,,,,,,,,,,,,,,,,,,,,,,,,
,,,,,,,,,,,,,,,,,,,,,,,,,,,,,,,,,,,,
,,,,,,,,,,,,,,,,,,,,,,,,,,,,,,,,,,,,
,,,,,,,,,,,,,,,,,,,,,,,,,,,,,,,,,,,,
,,,,,,,,,,,,,,,,,,,,,,,,,,,,,,,,,,,,
,,,,,,,,,,,,,,,,,,,,,,,,,,,,,,,,,,,,
,,,,,,,,,,,,,,,,,,,,,,,,,,,,,,,,,,,,
,,,,,,,,,,,,,,,,,,,,,,,,,,,,,,,,,,,,
,,,,,,,,,,,,,,,,,,,,,,,,,,,,,,,,,,,,
,,,,,,,,,,,,,,,,,,,,,,,,,,,,,,,,,,,,
,,,,,,,,,,,,,,,,,,,,,,,,,,,,,,,,,,,,
,,,,,,,,,,,,,,,,,,,,,,,,,,,,,,,,,,,,
,,,,,,,,,,,,,,,,,,,,,,,,,,,,,,,,,,,,
,,,,,,,,,,,,,,,,,,,,,,,,,,,,,,,,,,,,
,,,,,,,,,,,,,,,,,,,,,,,,,,,,,,,,,,,,
,,,,,,,,,,,,,,,,,,,,,,,,,,,,,,,,,,,,
,,,,,,,,,,,,,,,,,,,,,,,,,,,,,,,,,,,,
,,,,,,,,,,,,,,,,,,,,,,,,,,,,,,,,,,,,
,,,,,,,,,,,,,,,,,,,,,,,,,,,,,,,,,,,,
,,,,,,,,,,,,,,,,,,,,,,,,,,,,,,,,,,,,
,,,,,,,,,,,,,,,,,,,,,,,,,,,,,,,,,,,,
,,,,,,,,,,,,,,,,,,,,,,,,,,,,,,,,,,,,
,,,,,,,,,,,,,,,,,,,,,,,,,,,,,,,,,,,,
,,,,,,,,,,,,,,,,,,,,,,,,,,,,,,,,,,,,
,,,,,,,,,,,,,,,,,,,,,,,,,,,,,,,,,,,,
,,,,,,,,,,,,,,,,,,,,,,,,,,,,,,,,,,,,
,,,,,,,,,,,,,,,,,,,,,,,,,,,,,,,,,,,,
,,,,,,,,,,,,,,,,,,,,,,,,,,,,,,,,,,,,
,,,,,,,,,,,,,,,,,,,,,,,,,,,,,,,,,,,,
,,,,,,,,,,,,,,,,,,,,,,,,,,,,,,,,,,,,
,,,,,,,,,,,,,,,,,,,,,,,,,,,,,,,,,,,,
,,,,,,,,,,,,,,,,,,,,,,,,,,,,,,,,,,,,
,,,,,,,,,,,,,,,,,,,,,,,,,,,,,,,,,,,,
,,,,,,,,,,,,,,,,,,,,,,,,,,,,,,,,,,,,
,,,,,,,,,,,,,,,,,,,,,,,,,,,,,,,,,,,,
,,,,,,,,,,,,,,,,,,,,,,,,,,,,,,,,,,,,
,,,,,,,,,,,,,,,,,,,,,,,,,,,,,,,,,,,,
,,,,,,,,,,,,,,,,,,,,,,,,,,,,,,,,,,,,
,,,,,,,,,,,,,,,,,,,,,,,,,,,,,,,,,,,,
,,,,,,,,,,,,,,,,,,,,,,,,,,,,,,,,,,,,
,,,,,,,,,,,,,,,,,,,,,,,,,,,,,,,,,,,,
,,,,,,,,,,,,,,,,,,,,,,,,,,,,,,,,,,,,
,,,,,,,,,,,,,,,,,,,,,,,,,,,,,,,,,,,,
,,,,,,,,,,,,,,,,,,,,,,,,,,,,,,,,,,,,
,,,,,,,,,,,,,,,,,,,,,,,,,,,,,,,,,,,,
,,,,,,,,,,,,,,,,,,,,,,,,,,,,,,,,,,,,
,,,,,,,,,,,,,,,,,,,,,,,,,,,,,,,,,,,,
,,,,,,,,,,,,,,,,,,,,,,,,,,,,,,,,,,,,
,,,,,,,,,,,,,,,,,,,,,,,,,,,,,,,,,,,,
,,,,,,,,,,,,,,,,,,,,,,,,,,,,,,,,,,,,
,,,,,,,,,,,,,,,,,,,,,,,,,,,,,,,,,,,,
,,,,,,,,,,,,,,,,,,,,,,,,,,,,,,,,,,,,
,,,,,,,,,,,,,,,,,,,,,,,,,,,,,,,,,,,,
,,,,,,,,,,,,,,,,,,,,,,,,,,,,,,,,,,,,
,,,,,,,,,,,,,,,,,,,,,,,,,,,,,,,,,,,,
,,,,,,,,,,,,,,,,,,,,,,,,,,,,,,,,,,,,
,,,,,,,,,,,,,,,,,,,,,,,,,,,,,,,,,,,,
,,,,,,,,,,,,,,,,,,,,,,,,,,,,,,,,,,,,
,,,,,,,,,,,,,,,,,,,,,,,,,,,,,,,,,,,,
,,,,,,,,,,,,,,,,,,,,,,,,,,,,,,,,,,,,
,,,,,,,,,,,,,,,,,,,,,,,,,,,,,,,,,,,,
,,,,,,,,,,,,,,,,,,,,,,,,,,,,,,,,,,,,
,,,,,,,,,,,,,,,,,,,,,,,,,,,,,,,,,,,,
,,,,,,,,,,,,,,,,,,,,,,,,,,,,,,,,,,,,
,,,,,,,,,,,,,,,,,,,,,,,,,,,,,,,,,,,,
,,,,,,,,,,,,,,,,,,,,,,,,,,,,,,,,,,,,
,,,,,,,,,,,,,,,,,,,,,,,,,,,,,,,,,,,,
,,,,,,,,,,,,,,,,,,,,,,,,,,,,,,,,,,,,
,,,,,,,,,,,,,,,,,,,,,,,,,,,,,,,,,,,,
,,,,,,,,,,,,,,,,,,,,,,,,,,,,,,,,,,,,
,,,,,,,,,,,,,,,,,,,,,,,,,,,,,,,,,,,,
,,,,,,,,,,,,,,,,,,,,,,,,,,,,,,,,,,,,
,,,,,,,,,,,,,,,,,,,,,,,,,,,,,,,,,,,,
,,,,,,,,,,,,,,,,,,,,,,,,,,,,,,,,,,,,
,,,,,,,,,,,,,,,,,,,,,,,,,,,,,,,,,,,,
,,,,,,,,,,,,,,,,,,,,,,,,,,,,,,,,,,,,
,,,,,,,,,,,,,,,,,,,,,,,,,,,,,,,,,,,,
,,,,,,,,,,,,,,,,,,,,,,,,,,,,,,,,,,,,
,,,,,,,,,,,,,,,,,,,,,,,,,,,,,,,,,,,,
,,,,,,,,,,,,,,,,,,,,,,,,,,,,,,,,,,,,
,,,,,,,,,,,,,,,,,,,,,,,,,,,,,,,,,,,,
,,,,,,,,,,,,,,,,,,,,,,,,,,,,,,,,,,,,
,,,,,,,,,,,,,,,,,,,,,,,,,,,,,,,,,,,,
,,,,,,,,,,,,,,,,,,,,,,,,,,,,,,,,,,,,
,,,,,,,,,,,,,,,,,,,,,,,,,,,,,,,,,,,,
,,,,,,,,,,,,,,,,,,,,,,,,,,,,,,,,,,,,
,,,,,,,,,,,,,,,,,,,,,,,,,,,,,,,,,,,,
,,,,,,,,,,,,,,,,,,,,,,,,,,,,,,,,,,,,
,,,,,,,,,,,,,,,,,,,,,,,,,,,,,,,,,,,,
,,,,,,,,,,,,,,,,,,,,,,,,,,,,,,,,,,,,
,,,,,,,,,,,,,,,,,,,,,,,,,,,,,,,,,,,,
,,,,,,,,,,,,,,,,,,,,,,,,,,,,,,,,,,,,
,,,,,,,,,,,,,,,,,,,,,,,,,,,,,,,,,,,,
,,,,,,,,,,,,,,,,,,,,,,,,,,,,,,,,,,,,
,,,,,,,,,,,,,,,,,,,,,,,,,,,,,,,,,,,,
,,,,,,,,,,,,,,,,,,,,,,,,,,,,,,,,,,,,
,,,,,,,,,,,,,,,,,,,,,,,,,,,,,,,,,,,,
,,,,,,,,,,,,,,,,,,,,,,,,,,,,,,,,,,,,
,,,,,,,,,,,,,,,,,,,,,,,,,,,,,,,,,,,,
,,,,,,,,,,,,,,,,,,,,,,,,,,,,,,,,,,,,
,,,,,,,,,,,,,,,,,,,,,,,,,,,,,,,,,,,,
,,,,,,,,,,,,,,,,,,,,,,,,,,,,,,,,,,,,
,,,,,,,,,,,,,,,,,,,,,,,,,,,,,,,,,,,,
,,,,,,,,,,,,,,,,,,,,,,,,,,,,,,,,,,,,
,,,,,,,,,,,,,,,,,,,,,,,,,,,,,,,,,,,,
,,,,,,,,,,,,,,,,,,,,,,,,,,,,,,,,,,,,
,,,,,,,,,,,,,,,,,,,,,,,,,,,,,,,,,,,,
,,,,,,,,,,,,,,,,,,,,,,,,,,,,,,,,,,,,
,,,,,,,,,,,,,,,,,,,,,,,,,,,,,,,,,,,,
,,,,,,,,,,,,,,,,,,,,,,,,,,,,,,,,,,,,
,,,,,,,,,,,,,,,,,,,,,,,,,,,,,,,,,,,,
,,,,,,,,,,,,,,,,,,,,,,,,,,,,,,,,,,,,
,,,,,,,,,,,,,,,,,,,,,,,,,,,,,,,,,,,,
,,,,,,,,,,,,,,,,,,,,,,,,,,,,,,,,,,,,
,,,,,,,,,,,,,,,,,,,,,,,,,,,,,,,,,,,,
,,,,,,,,,,,,,,,,,,,,,,,,,,,,,,,,,,,,
,,,,,,,,,,,,,,,,,,,,,,,,,,,,,,,,,,,,
,,,,,,,,,,,,,,,,,,,,,,,,,,,,,,,,,,,,
,,,,,,,,,,,,,,,,,,,,,,,,,,,,,,,,,,,,
,,,,,,,,,,,,,,,,,,,,,,,,,,,,,,,,,,,,
,,,,,,,,,,,,,,,,,,,,,,,,,,,,,,,,,,,,
,,,,,,,,,,,,,,,,,,,,,,,,,,,,,,,,,,,,
,,,,,,,,,,,,,,,,,,,,,,,,,,,,,,,,,,,,
,,,,,,,,,,,,,,,,,,,,,,,,,,,,,,,,,,,,
,,,,,,,,,,,,,,,,,,,,,,,,,,,,,,,,,,,,
,,,,,,,,,,,,,,,,,,,,,,,,,,,,,,,,,,,,
,,,,,,,,,,,,,,,,,,,,,,,,,,,,,,,,,,,,
,,,,,,,,,,,,,,,,,,,,,,,,,,,,,,,,,,,,
,,,,,,,,,,,,,,,,,,,,,,,,,,,,,,,,,,,,
,,,,,,,,,,,,,,,,,,,,,,,,,,,,,,,,,,,,
,,,,,,,,,,,,,,,,,,,,,,,,,,,,,,,,,,,,
,,,,,,,,,,,,,,,,,,,,,,,,,,,,,,,,,,,,
,,,,,,,,,,,,,,,,,,,,,,,,,,,,,,,,,,,,
,,,,,,,,,,,,,,,,,,,,,,,,,,,,,,,,,,,,
,,,,,,,,,,,,,,,,,,,,,,,,,,,,,,,,,,,,
,,,,,,,,,,,,,,,,,,,,,,,,,,,,,,,,,,,,
,,,,,,,,,,,,,,,,,,,,,,,,,,,,,,,,,,,,
,,,,,,,,,,,,,,,,,,,,,,,,,,,,,,,,,,,,
,,,,,,,,,,,,,,,,,,,,,,,,,,,,,,,,,,,,
,,,,,,,,,,,,,,,,,,,,,,,,,,,,,,,,,,,,
,,,,,,,,,,,,,,,,,,,,,,,,,,,,,,,,,,,,
,,,,,,,,,,,,,,,,,,,,,,,,,,,,,,,,,,,,
,,,,,,,,,,,,,,,,,,,,,,,,,,,,,,,,,,,,
,,,,,,,,,,,,,,,,,,,,,,,,,,,,,,,,,,,,
,,,,,,,,,,,,,,,,,,,,,,,,,,,,,,,,,,,,
,,,,,,,,,,,,,,,,,,,,,,,,,,,,,,,,,,,,
,,,,,,,,,,,,,,,,,,,,,,,,,,,,,,,,,,,,
,,,,,,,,,,,,,,,,,,,,,,,,,,,,,,,,,,,,
,,,,,,,,,,,,,,,,,,,,,,,,,,,,,,,,,,,,
,,,,,,,,,,,,,,,,,,,,,,,,,,,,,,,,,,,,
,,,,,,,,,,,,,,,,,,,,,,,,,,,,,,,,,,,,
,,,,,,,,,,,,,,,,,,,,,,,,,,,,,,,,,,,,
,,,,,,,,,,,,,,,,,,,,,,,,,,,,,,,,,,,,
,,,,,,,,,,,,,,,,,,,,,,,,,,,,,,,,,,,,
,,,,,,,,,,,,,,,,,,,,,,,,,,,,,,,,,,,,
,,,,,,,,,,,,,,,,,,,,,,,,,,,,,,,,,,,,
,,,,,,,,,,,,,,,,,,,,,,,,,,,,,,,,,,,,
,,,,,,,,,,,,,,,,,,,,,,,,,,,,,,,,,,,,
,,,,,,,,,,,,,,,,,,,,,,,,,,,,,,,,,,,,
,,,,,,,,,,,,,,,,,,,,,,,,,,,,,,,,,,,,
,,,,,,,,,,,,,,,,,,,,,,,,,,,,,,,,,,,,
,,,,,,,,,,,,,,,,,,,,,,,,,,,,,,,,,,,,
,,,,,,,,,,,,,,,,,,,,,,,,,,,,,,,,,,,,
,,,,,,,,,,,,,,,,,,,,,,,,,,,,,,,,,,,,
,,,,,,,,,,,,,,,,,,,,,,,,,,,,,,,,,,,,
,,,,,,,,,,,,,,,,,,,,,,,,,,,,,,,,,,,,
,,,,,,,,,,,,,,,,,,,,,,,,,,,,,,,,,,,,
,,,,,,,,,,,,,,,,,,,,,,,,,,,,,,,,,,,,
,,,,,,,,,,,,,,,,,,,,,,,,,,,,,,,,,,,,
,,,,,,,,,,,,,,,,,,,,,,,,,,,,,,,,,,,,
,,,,,,,,,,,,,,,,,,,,,,,,,,,,,,,,,,,,
,,,,,,,,,,,,,,,,,,,,,,,,,,,,,,,,,,,,
,,,,,,,,,,,,,,,,,,,,,,,,,,,,,,,,,,,,
,,,,,,,,,,,,,,,,,,,,,,,,,,,,,,,,,,,,
,,,,,,,,,,,,,,,,,,,,,,,,,,,,,,,,,,,,
,,,,,,,,,,,,,,,,,,,,,,,,,,,,,,,,,,,,
,,,,,,,,,,,,,,,,,,,,,,,,,,,,,,,,,,,,
,,,,,,,,,,,,,,,,,,,,,,,,,,,,,,,,,,,,
,,,,,,,,,,,,,,,,,,,,,,,,,,,,,,,,,,,,
,,,,,,,,,,,,,,,,,,,,,,,,,,,,,,,,,,,,
,,,,,,,,,,,,,,,,,,,,,,,,,,,,,,,,,,,,
,,,,,,,,,,,,,,,,,,,,,,,,,,,,,,,,,,,,
,,,,,,,,,,,,,,,,,,,,,,,,,,,,,,,,,,,,
,,,,,,,,,,,,,,,,,,,,,,,,,,,,,,,,,,,,
,,,,,,,,,,,,,,,,,,,,,,,,,,,,,,,,,,,,
,,,,,,,,,,,,,,,,,,,,,,,,,,,,,,,,,,,,
,,,,,,,,,,,,,,,,,,,,,,,,,,,,,,,,,,,,
,,,,,,,,,,,,,,,,,,,,,,,,,,,,,,,,,,,,
,,,,,,,,,,,,,,,,,,,,,,,,,,,,,,,,,,,,
,,,,,,,,,,,,,,,,,,,,,,,,,,,,,,,,,,,,
,,,,,,,,,,,,,,,,,,,,,,,,,,,,,,,,,,,,
,,,,,,,,,,,,,,,,,,,,,,,,,,,,,,,,,,,,
,,,,,,,,,,,,,,,,,,,,,,,,,,,,,,,,,,,,
,,,,,,,,,,,,,,,,,,,,,,,,,,,,,,,,,,,,
,,,,,,,,,,,,,,,,,,,,,,,,,,,,,,,,,,,,
,,,,,,,,,,,,,,,,,,,,,,,,,,,,,,,,,,,,
,,,,,,,,,,,,,,,,,,,,,,,,,,,,,,,,,,,,
,,,,,,,,,,,,,,,,,,,,,,,,,,,,,,,,,,,,
,,,,,,,,,,,,,,,,,,,,,,,,,,,,,,,,,,,,
,,,,,,,,,,,,,,,,,,,,,,,,,,,,,,,,,,,,
,,,,,,,,,,,,,,,,,,,,,,,,,,,,,,,,,,,,
,,,,,,,,,,,,,,,,,,,,,,,,,,,,,,,,,,,,
,,,,,,,,,,,,,,,,,,,,,,,,,,,,,,,,,,,,
,,,,,,,,,,,,,,,,,,,,,,,,,,,,,,,,,,,,
,,,,,,,,,,,,,,,,,,,,,,,,,,,,,,,,,,,,
,,,,,,,,,,,,,,,,,,,,,,,,,,,,,,,,,,,,
,,,,,,,,,,,,,,,,,,,,,,,,,,,,,,,,,,,,
,,,,,,,,,,,,,,,,,,,,,,,,,,,,,,,,,,,,
,,,,,,,,,,,,,,,,,,,,,,,,,,,,,,,,,,,,
,,,,,,,,,,,,,,,,,,,,,,,,,,,,,,,,,,,,
,,,,,,,,,,,,,,,,,,,,,,,,,,,,,,,,,,,,
,,,,,,,,,,,,,,,,,,,,,,,,,,,,,,,,,,,,
,,,,,,,,,,,,,,,,,,,,,,,,,,,,,,,,,,,,
,,,,,,,,,,,,,,,,,,,,,,,,,,,,,,,,,,,,
,,,,,,,,,,,,,,,,,,,,,,,,,,,,,,,,,,,,
,,,,,,,,,,,,,,,,,,,,,,,,,,,,,,,,,,,,
,,,,,,,,,,,,,,,,,,,,,,,,,,,,,,,,,,,,
,,,,,,,,,,,,,,,,,,,,,,,,,,,,,,,,,,,,
,,,,,,,,,,,,,,,,,,,,,,,,,,,,,,,,,,,,
,,,,,,,,,,,,,,,,,,,,,,,,,,,,,,,,,,,,
,,,,,,,,,,,,,,,,,,,,,,,,,,,,,,,,,,,,
,,,,,,,,,,,,,,,,,,,,,,,,,,,,,,,,,,,,
,,,,,,,,,,,,,,,,,,,,,,,,,,,,,,,,,,,,
,,,,,,,,,,,,,,,,,,,,,,,,,,,,,,,,,,,,
,,,,,,,,,,,,,,,,,,,,,,,,,,,,,,,,,,,,
,,,,,,,,,,,,,,,,,,,,,,,,,,,,,,,,,,,,
,,,,,,,,,,,,,,,,,,,,,,,,,,,,,,,,,,,,
,,,,,,,,,,,,,,,,,,,,,,,,,,,,,,,,,,,,
,,,,,,,,,,,,,,,,,,,,,,,,,,,,,,,,,,,,
,,,,,,,,,,,,,,,,,,,,,,,,,,,,,,,,,,,,
,,,,,,,,,,,,,,,,,,,,,,,,,,,,,,,,,,,,
,,,,,,,,,,,,,,,,,,,,,,,,,,,,,,,,,,,,
,,,,,,,,,,,,,,,,,,,,,,,,,,,,,,,,,,,,
,,,,,,,,,,,,,,,,,,,,,,,,,,,,,,,,,,,,
,,,,,,,,,,,,,,,,,,,,,,,,,,,,,,,,,,,,
,,,,,,,,,,,,,,,,,,,,,,,,,,,,,,,,,,,,
,,,,,,,,,,,,,,,,,,,,,,,,,,,,,,,,,,,,
,,,,,,,,,,,,,,,,,,,,,,,,,,,,,,,,,,,,
,,,,,,,,,,,,,,,,,,,,,,,,,,,,,,,,,,,,
,,,,,,,,,,,,,,,,,,,,,,,,,,,,,,,,,,,,
,,,,,,,,,,,,,,,,,,,,,,,,,,,,,,,,,,,,
,,,,,,,,,,,,,,,,,,,,,,,,,,,,,,,,,,,,
,,,,,,,,,,,,,,,,,,,,,,,,,,,,,,,,,,,,
,,,,,,,,,,,,,,,,,,,,,,,,,,,,,,,,,,,,
,,,,,,,,,,,,,,,,,,,,,,,,,,,,,,,,,,,,
,,,,,,,,,,,,,,,,,,,,,,,,,,,,,,,,,,,,
,,,,,,,,,,,,,,,,,,,,,,,,,,,,,,,,,,,,
,,,,,,,,,,,,,,,,,,,,,,,,,,,,,,,,,,,,
,,,,,,,,,,,,,,,,,,,,,,,,,,,,,,,,,,,,
,,,,,,,,,,,,,,,,,,,,,,,,,,,,,,,,,,,,
,,,,,,,,,,,,,,,,,,,,,,,,,,,,,,,,,,,,
,,,,,,,,,,,,,,,,,,,,,,,,,,,,,,,,,,,,
,,,,,,,,,,,,,,,,,,,,,,,,,,,,,,,,,,,,
,,,,,,,,,,,,,,,,,,,,,,,,,,,,,,,,,,,,
,,,,,,,,,,,,,,,,,,,,,,,,,,,,,,,,,,,,
,,,,,,,,,,,,,,,,,,,,,,,,,,,,,,,,,,,,
,,,,,,,,,,,,,,,,,,,,,,,,,,,,,,,,,,,,
,,,,,,,,,,,,,,,,,,,,,,,,,,,,,,,,,,,,
,,,,,,,,,,,,,,,,,,,,,,,,,,,,,,,,,,,,
,,,,,,,,,,,,,,,,,,,,,,,,,,,,,,,,,,,,
,,,,,,,,,,,,,,,,,,,,,,,,,,,,,,,,,,,,
,,,,,,,,,,,,,,,,,,,,,,,,,,,,,,,,,,,,
,,,,,,,,,,,,,,,,,,,,,,,,,,,,,,,,,,,,
,,,,,,,,,,,,,,,,,,,,,,,,,,,,,,,,,,,,
,,,,,,,,,,,,,,,,,,,,,,,,,,,,,,,,,,,,
,,,,,,,,,,,,,,,,,,,,,,,,,,,,,,,,,,,,
,,,,,,,,,,,,,,,,,,,,,,,,,,,,,,,,,,,,
,,,,,,,,,,,,,,,,,,,,,,,,,,,,,,,,,,,,
,,,,,,,,,,,,,,,,,,,,,,,,,,,,,,,,,,,,
,,,,,,,,,,,,,,,,,,,,,,,,,,,,,,,,,,,,
,,,,,,,,,,,,,,,,,,,,,,,,,,,,,,,,,,,,
,,,,,,,,,,,,,,,,,,,,,,,,,,,,,,,,,,,,
,,,,,,,,,,,,,,,,,,,,,,,,,,,,,,,,,,,,
,,,,,,,,,,,,,,,,,,,,,,,,,,,,,,,,,,,,
,,,,,,,,,,,,,,,,,,,,,,,,,,,,,,,,,,,,
,,,,,,,,,,,,,,,,,,,,,,,,,,,,,,,,,,,,
,,,,,,,,,,,,,,,,,,,,,,,,,,,,,,,,,,,,
,,,,,,,,,,,,,,,,,,,,,,,,,,,,,,,,,,,,
,,,,,,,,,,,,,,,,,,,,,,,,,,,,,,,,,,,,
,,,,,,,,,,,,,,,,,,,,,,,,,,,,,,,,,,,,
,,,,,,,,,,,,,,,,,,,,,,,,,,,,,,,,,,,,
,,,,,,,,,,,,,,,,,,,,,,,,,,,,,,,,,,,,
,,,,,,,,,,,,,,,,,,,,,,,,,,,,,,,,,,,,
,,,,,,,,,,,,,,,,,,,,,,,,,,,,,,,,,,,,
,,,,,,,,,,,,,,,,,,,,,,,,,,,,,,,,,,,,
,,,,,,,,,,,,,,,,,,,,,,,,,,,,,,,,,,,,
,,,,,,,,,,,,,,,,,,,,,,,,,,,,,,,,,,,,
,,,,,,,,,,,,,,,,,,,,,,,,,,,,,,,,,,,,
,,,,,,,,,,,,,,,,,,,,,,,,,,,,,,,,,,,,
,,,,,,,,,,,,,,,,,,,,,,,,,,,,,,,,,,,,
,,,,,,,,,,,,,,,,,,,,,,,,,,,,,,,,,,,,
,,,,,,,,,,,,,,,,,,,,,,,,,,,,,,,,,,,,
,,,,,,,,,,,,,,,,,,,,,,,,,,,,,,,,,,,,
,,,,,,,,,,,,,,,,,,,,,,,,,,,,,,,,,,,,
,,,,,,,,,,,,,,,,,,,,,,,,,,,,,,,,,,,,
,,,,,,,,,,,,,,,,,,,,,,,,,,,,,,,,,,,,
,,,,,,,,,,,,,,,,,,,,,,,,,,,,,,,,,,,,
,,,,,,,,,,,,,,,,,,,,,,,,,,,,,,,,,,,,
,,,,,,,,,,,,,,,,,,,,,,,,,,,,,,,,,,,,
,,,,,,,,,,,,,,,,,,,,,,,,,,,,,,,,,,,,
,,,,,,,,,,,,,,,,,,,,,,,,,,,,,,,,,,,,
,,,,,,,,,,,,,,,,,,,,,,,,,,,,,,,,,,,,
,,,,,,,,,,,,,,,,,,,,,,,,,,,,,,,,,,,,
,,,,,,,,,,,,,,,,,,,,,,,,,,,,,,,,,,,,
,,,,,,,,,,,,,,,,,,,,,,,,,,,,,,,,,,,,
,,,,,,,,,,,,,,,,,,,,,,,,,,,,,,,,,,,,
,,,,,,,,,,,,,,,,,,,,,,,,,,,,,,,,,,,,
,,,,,,,,,,,,,,,,,,,,,,,,,,,,,,,,,,,,
,,,,,,,,,,,,,,,,,,,,,,,,,,,,,,,,,,,,
,,,,,,,,,,,,,,,,,,,,,,,,,,,,,,,,,,,,
,,,,,,,,,,,,,,,,,,,,,,,,,,,,,,,,,,,,
,,,,,,,,,,,,,,,,,,,,,,,,,,,,,,,,,,,,
,,,,,,,,,,,,,,,,,,,,,,,,,,,,,,,,,,,,
,,,,,,,,,,,,,,,,,,,,,,,,,,,,,,,,,,,,
,,,,,,,,,,,,,,,,,,,,,,,,,,,,,,,,,,,,
,,,,,,,,,,,,,,,,,,,,,,,,,,,,,,,,,,,,
,,,,,,,,,,,,,,,,,,,,,,,,,,,,,,,,,,,,
,,,,,,,,,,,,,,,,,,,,,,,,,,,,,,,,,,,,
,,,,,,,,,,,,,,,,,,,,,,,,,,,,,,,,,,,,
,,,,,,,,,,,,,,,,,,,,,,,,,,,,,,,,,,,,
,,,,,,,,,,,,,,,,,,,,,,,,,,,,,,,,,,,,
,,,,,,,,,,,,,,,,,,,,,,,,,,,,,,,,,,,,
,,,,,,,,,,,,,,,,,,,,,,,,,,,,,,,,,,,,
,,,,,,,,,,,,,,,,,,,,,,,,,,,,,,,,,,,,
,,,,,,,,,,,,,,,,,,,,,,,,,,,,,,,,,,,,
,,,,,,,,,,,,,,,,,,,,,,,,,,,,,,,,,,,,
,,,,,,,,,,,,,,,,,,,,,,,,,,,,,,,,,,,,
,,,,,,,,,,,,,,,,,,,,,,,,,,,,,,,,,,,,
,,,,,,,,,,,,,,,,,,,,,,,,,,,,,,,,,,,,
,,,,,,,,,,,,,,,,,,,,,,,,,,,,,,,,,,,,
,,,,,,,,,,,,,,,,,,,,,,,,,,,,,,,,,,,,
,,,,,,,,,,,,,,,,,,,,,,,,,,,,,,,,,,,,
,,,,,,,,,,,,,,,,,,,,,,,,,,,,,,,,,,,,
,,,,,,,,,,,,,,,,,,,,,,,,,,,,,,,,,,,,
,,,,,,,,,,,,,,,,,,,,,,,,,,,,,,,,,,,,
,,,,,,,,,,,,,,,,,,,,,,,,,,,,,,,,,,,,
,,,,,,,,,,,,,,,,,,,,,,,,,,,,,,,,,,,,
,,,,,,,,,,,,,,,,,,,,,,,,,,,,,,,,,,,,
,,,,,,,,,,,,,,,,,,,,,,,,,,,,,,,,,,,,
,,,,,,,,,,,,,,,,,,,,,,,,,,,,,,,,,,,,
,,,,,,,,,,,,,,,,,,,,,,,,,,,,,,,,,,,,
,,,,,,,,,,,,,,,,,,,,,,,,,,,,,,,,,,,,
,,,,,,,,,,,,,,,,,,,,,,,,,,,,,,,,,,,,
,,,,,,,,,,,,,,,,,,,,,,,,,,,,,,,,,,,,
,,,,,,,,,,,,,,,,,,,,,,,,,,,,,,,,,,,,
,,,,,,,,,,,,,,,,,,,,,,,,,,,,,,,,,,,,
,,,,,,,,,,,,,,,,,,,,,,,,,,,,,,,,,,,,
,,,,,,,,,,,,,,,,,,,,,,,,,,,,,,,,,,,,
,,,,,,,,,,,,,,,,,,,,,,,,,,,,,,,,,,,,
,,,,,,,,,,,,,,,,,,,,,,,,,,,,,,,,,,,,
,,,,,,,,,,,,,,,,,,,,,,,,,,,,,,,,,,,,
,,,,,,,,,,,,,,,,,,,,,,,,,,,,,,,,,,,,
,,,,,,,,,,,,,,,,,,,,,,,,,,,,,,,,,,,,
,,,,,,,,,,,,,,,,,,,,,,,,,,,,,,,,,,,,
,,,,,,,,,,,,,,,,,,,,,,,,,,,,,,,,,,,,
,,,,,,,,,,,,,,,,,,,,,,,,,,,,,,,,,,,,
,,,,,,,,,,,,,,,,,,,,,,,,,,,,,,,,,,,,
,,,,,,,,,,,,,,,,,,,,,,,,,,,,,,,,,,,,
,,,,,,,,,,,,,,,,,,,,,,,,,,,,,,,,,,,,
,,,,,,,,,,,,,,,,,,,,,,,,,,,,,,,,,,,,
,,,,,,,,,,,,,,,,,,,,,,,,,,,,,,,,,,,,
,,,,,,,,,,,,,,,,,,,,,,,,,,,,,,,,,,,,
,,,,,,,,,,,,,,,,,,,,,,,,,,,,,,,,,,,,
,,,,,,,,,,,,,,,,,,,,,,,,,,,,,,,,,,,,
,,,,,,,,,,,,,,,,,,,,,,,,,,,,,,,,,,,,
,,,,,,,,,,,,,,,,,,,,,,,,,,,,,,,,,,,,
,,,,,,,,,,,,,,,,,,,,,,,,,,,,,,,,,,,,
,,,,,,,,,,,,,,,,,,,,,,,,,,,,,,,,,,,,
,,,,,,,,,,,,,,,,,,,,,,,,,,,,,,,,,,,,
,,,,,,,,,,,,,,,,,,,,,,,,,,,,,,,,,,,,
,,,,,,,,,,,,,,,,,,,,,,,,,,,,,,,,,,,,
,,,,,,,,,,,,,,,,,,,,,,,,,,,,,,,,,,,,
,,,,,,,,,,,,,,,,,,,,,,,,,,,,,,,,,,,,
,,,,,,,,,,,,,,,,,,,,,,,,,,,,,,,,,,,,
,,,,,,,,,,,,,,,,,,,,,,,,,,,,,,,,,,,,
,,,,,,,,,,,,,,,,,,,,,,,,,,,,,,,,,,,,
,,,,,,,,,,,,,,,,,,,,,,,,,,,,,,,,,,,,
,,,,,,,,,,,,,,,,,,,,,,,,,,,,,,,,,,,,
,,,,,,,,,,,,,,,,,,,,,,,,,,,,,,,,,,,,
,,,,,,,,,,,,,,,,,,,,,,,,,,,,,,,,,,,,
,,,,,,,,,,,,,,,,,,,,,,,,,,,,,,,,,,,,
,,,,,,,,,,,,,,,,,,,,,,,,,,,,,,,,,,,,
,,,,,,,,,,,,,,,,,,,,,,,,,,,,,,,,,,,,
,,,,,,,,,,,,,,,,,,,,,,,,,,,,,,,,,,,,
,,,,,,,,,,,,,,,,,,,,,,,,,,,,,,,,,,,,
,,,,,,,,,,,,,,,,,,,,,,,,,,,,,,,,,,,,
,,,,,,,,,,,,,,,,,,,,,,,,,,,,,,,,,,,,
,,,,,,,,,,,,,,,,,,,,,,,,,,,,,,,,,,,,
,,,,,,,,,,,,,,,,,,,,,,,,,,,,,,,,,,,,
,,,,,,,,,,,,,,,,,,,,,,,,,,,,,,,,,,,,
,,,,,,,,,,,,,,,,,,,,,,,,,,,,,,,,,,,,
,,,,,,,,,,,,,,,,,,,,,,,,,,,,,,,,,,,,
,,,,,,,,,,,,,,,,,,,,,,,,,,,,,,,,,,,,
,,,,,,,,,,,,,,,,,,,,,,,,,,,,,,,,,,,,
,,,,,,,,,,,,,,,,,,,,,,,,,,,,,,,,,,,,
,,,,,,,,,,,,,,,,,,,,,,,,,,,,,,,,,,,,
,,,,,,,,,,,,,,,,,,,,,,,,,,,,,,,,,,,,
,,,,,,,,,,,,,,,,,,,,,,,,,,,,,,,,,,,,
,,,,,,,,,,,,,,,,,,,,,,,,,,,,,,,,,,,,
,,,,,,,,,,,,,,,,,,,,,,,,,,,,,,,,,,,,
,,,,,,,,,,,,,,,,,,,,,,,,,,,,,,,,,,,,
,,,,,,,,,,,,,,,,,,,,,,,,,,,,,,,,,,,,
,,,,,,,,,,,,,,,,,,,,,,,,,,,,,,,,,,,,
,,,,,,,,,,,,,,,,,,,,,,,,,,,,,,,,,,,,
,,,,,,,,,,,,,,,,,,,,,,,,,,,,,,,,,,,,
,,,,,,,,,,,,,,,,,,,,,,,,,,,,,,,,,,,,
,,,,,,,,,,,,,,,,,,,,,,,,,,,,,,,,,,,,
,,,,,,,,,,,,,,,,,,,,,,,,,,,,,,,,,,,,
,,,,,,,,,,,,,,,,,,,,,,,,,,,,,,,,,,,,
,,,,,,,,,,,,,,,,,,,,,,,,,,,,,,,,,,,,
,,,,,,,,,,,,,,,,,,,,,,,,,,,,,,,,,,,,
,,,,,,,,,,,,,,,,,,,,,,,,,,,,,,,,,,,,
,,,,,,,,,,,,,,,,,,,,,,,,,,,,,,,,,,,,
,,,,,,,,,,,,,,,,,,,,,,,,,,,,,,,,,,,,
,,,,,,,,,,,,,,,,,,,,,,,,,,,,,,,,,,,,
,,,,,,,,,,,,,,,,,,,,,,,,,,,,,,,,,,,,
,,,,,,,,,,,,,,,,,,,,,,,,,,,,,,,,,,,,
,,,,,,,,,,,,,,,,,,,,,,,,,,,,,,,,,,,,
,,,,,,,,,,,,,,,,,,,,,,,,,,,,,,,,,,,,
,,,,,,,,,,,,,,,,,,,,,,,,,,,,,,,,,,,,
,,,,,,,,,,,,,,,,,,,,,,,,,,,,,,,,,,,,
,,,,,,,,,,,,,,,,,,,,,,,,,,,,,,,,,,,,
,,,,,,,,,,,,,,,,,,,,,,,,,,,,,,,,,,,,
,,,,,,,,,,,,,,,,,,,,,,,,,,,,,,,,,,,,
,,,,,,,,,,,,,,,,,,,,,,,,,,,,,,,,,,,,
,,,,,,,,,,,,,,,,,,,,,,,,,,,,,,,,,,,,
,,,,,,,,,,,,,,,,,,,,,,,,,,,,,,,,,,,,
,,,,,,,,,,,,,,,,,,,,,,,,,,,,,,,,,,,,
,,,,,,,,,,,,,,,,,,,,,,,,,,,,,,,,,,,,
,,,,,,,,,,,,,,,,,,,,,,,,,,,,,,,,,,,,
,,,,,,,,,,,,,,,,,,,,,,,,,,,,,,,,,,,,
,,,,,,,,,,,,,,,,,,,,,,,,,,,,,,,,,,,,
,,,,,,,,,,,,,,,,,,,,,,,,,,,,,,,,,,,,
,,,,,,,,,,,,,,,,,,,,,,,,,,,,,,,,,,,,
,,,,,,,,,,,,,,,,,,,,,,,,,,,,,,,,,,,,
,,,,,,,,,,,,,,,,,,,,,,,,,,,,,,,,,,,,
,,,,,,,,,,,,,,,,,,,,,,,,,,,,,,,,,,,,
,,,,,,,,,,,,,,,,,,,,,,,,,,,,,,,,,,,,
,,,,,,,,,,,,,,,,,,,,,,,,,,,,,,,,,,,,
,,,,,,,,,,,,,,,,,,,,,,,,,,,,,,,,,,,,
,,,,,,,,,,,,,,,,,,,,,,,,,,,,,,,,,,,,
,,,,,,,,,,,,,,,,,,,,,,,,,,,,,,,,,,,,
,,,,,,,,,,,,,,,,,,,,,,,,,,,,,,,,,,,,
,,,,,,,,,,,,,,,,,,,,,,,,,,,,,,,,,,,,
,,,,,,,,,,,,,,,,,,,,,,,,,,,,,,,,,,,,
,,,,,,,,,,,,,,,,,,,,,,,,,,,,,,,,,,,,
,,,,,,,,,,,,,,,,,,,,,,,,,,,,,,,,,,,,
,,,,,,,,,,,,,,,,,,,,,,,,,,,,,,,,,,,,
,,,,,,,,,,,,,,,,,,,,,,,,,,,,,,,,,,,,
,,,,,,,,,,,,,,,,,,,,,,,,,,,,,,,,,,,,
,,,,,,,,,,,,,,,,,,,,,,,,,,,,,,,,,,,,
,,,,,,,,,,,,,,,,,,,,,,,,,,,,,,,,,,,,
,,,,,,,,,,,,,,,,,,,,,,,,,,,,,,,,,,,,
,,,,,,,,,,,,,,,,,,,,,,,,,,,,,,,,,,,,
,,,,,,,,,,,,,,,,,,,,,,,,,,,,,,,,,,,,
,,,,,,,,,,,,,,,,,,,,,,,,,,,,,,,,,,,,
,,,,,,,,,,,,,,,,,,,,,,,,,,,,,,,,,,,,
,,,,,,,,,,,,,,,,,,,,,,,,,,,,,,,,,,,,
,,,,,,,,,,,,,,,,,,,,,,,,,,,,,,,,,,,,
,,,,,,,,,,,,,,,,,,,,,,,,,,,,,,,,,,,,
,,,,,,,,,,,,,,,,,,,,,,,,,,,,,,,,,,,,
,,,,,,,,,,,,,,,,,,,,,,,,,,,,,,,,,,,,
,,,,,,,,,,,,,,,,,,,,,,,,,,,,,,,,,,,,
,,,,,,,,,,,,,,,,,,,,,,,,,,,,,,,,,,,,
,,,,,,,,,,,,,,,,,,,,,,,,,,,,,,,,,,,,
,,,,,,,,,,,,,,,,,,,,,,,,,,,,,,,,,,,,
,,,,,,,,,,,,,,,,,,,,,,,,,,,,,,,,,,,,
,,,,,,,,,,,,,,,,,,,,,,,,,,,,,,,,,,,,
,,,,,,,,,,,,,,,,,,,,,,,,,,,,,,,,,,,,
,,,,,,,,,,,,,,,,,,,,,,,,,,,,,,,,,,,,
,,,,,,,,,,,,,,,,,,,,,,,,,,,,,,,,,,,,
,,,,,,,,,,,,,,,,,,,,,,,,,,,,,,,,,,,,
,,,,,,,,,,,,,,,,,,,,,,,,,,,,,,,,,,,,
,,,,,,,,,,,,,,,,,,,,,,,,,,,,,,,,,,,,
,,,,,,,,,,,,,,,,,,,,,,,,,,,,,,,,,,,,
,,,,,,,,,,,,,,,,,,,,,,,,,,,,,,,,,,,,
,,,,,,,,,,,,,,,,,,,,,,,,,,,,,,,,,,,,
,,,,,,,,,,,,,,,,,,,,,,,,,,,,,,,,,,,,
,,,,,,,,,,,,,,,,,,,,,,,,,,,,,,,,,,,,
,,,,,,,,,,,,,,,,,,,,,,,,,,,,,,,,,,,,
,,,,,,,,,,,,,,,,,,,,,,,,,,,,,,,,,,,,
,,,,,,,,,,,,,,,,,,,,,,,,,,,,,,,,,,,,
,,,,,,,,,,,,,,,,,,,,,,,,,,,,,,,,,,,,
,,,,,,,,,,,,,,,,,,,,,,,,,,,,,,,,,,,,
,,,,,,,,,,,,,,,,,,,,,,,,,,,,,,,,,,,,
,,,,,,,,,,,,,,,,,,,,,,,,,,,,,,,,,,,,
,,,,,,,,,,,,,,,,,,,,,,,,,,,,,,,,,,,,
,,,,,,,,,,,,,,,,,,,,,,,,,,,,,,,,,,,,
,,,,,,,,,,,,,,,,,,,,,,,,,,,,,,,,,,,,
,,,,,,,,,,,,,,,,,,,,,,,,,,,,,,,,,,,,
,,,,,,,,,,,,,,,,,,,,,,,,,,,,,,,,,,,,
,,,,,,,,,,,,,,,,,,,,,,,,,,,,,,,,,,,,
,,,,,,,,,,,,,,,,,,,,,,,,,,,,,,,,,,,,
,,,,,,,,,,,,,,,,,,,,,,,,,,,,,,,,,,,,
,,,,,,,,,,,,,,,,,,,,,,,,,,,,,,,,,,,,
,,,,,,,,,,,,,,,,,,,,,,,,,,,,,,,,,,,,
,,,,,,,,,,,,,,,,,,,,,,,,,,,,,,,,,,,,
,,,,,,,,,,,,,,,,,,,,,,,,,,,,,,,,,,,,
,,,,,,,,,,,,,,,,,,,,,,,,,,,,,,,,,,,,
,,,,,,,,,,,,,,,,,,,,,,,,,,,,,,,,,,,,
,,,,,,,,,,,,,,,,,,,,,,,,,,,,,,,,,,,,
,,,,,,,,,,,,,,,,,,,,,,,,,,,,,,,,,,,,
,,,,,,,,,,,,,,,,,,,,,,,,,,,,,,,,,,,,
,,,,,,,,,,,,,,,,,,,,,,,,,,,,,,,,,,,,
,,,,,,,,,,,,,,,,,,,,,,,,,,,,,,,,,,,,
,,,,,,,,,,,,,,,,,,,,,,,,,,,,,,,,,,,,
,,,,,,,,,,,,,,,,,,,,,,,,,,,,,,,,,,,,
,,,,,,,,,,,,,,,,,,,,,,,,,,,,,,,,,,,,
,,,,,,,,,,,,,,,,,,,,,,,,,,,,,,,,,,,,
,,,,,,,,,,,,,,,,,,,,,,,,,,,,,,,,,,,,
,,,,,,,,,,,,,,,,,,,,,,,,,,,,,,,,,,,,
,,,,,,,,,,,,,,,,,,,,,,,,,,,,,,,,,,,,
,,,,,,,,,,,,,,,,,,,,,,,,,,,,,,,,,,,,
,,,,,,,,,,,,,,,,,,,,,,,,,,,,,,,,,,,,
,,,,,,,,,,,,,,,,,,,,,,,,,,,,,,,,,,,,
,,,,,,,,,,,,,,,,,,,,,,,,,,,,,,,,,,,,
,,,,,,,,,,,,,,,,,,,,,,,,,,,,,,,,,,,,
,,,,,,,,,,,,,,,,,,,,,,,,,,,,,,,,,,,,
,,,,,,,,,,,,,,,,,,,,,,,,,,,,,,,,,,,,
,,,,,,,,,,,,,,,,,,,,,,,,,,,,,,,,,,,,
,,,,,,,,,,,,,,,,,,,,,,,,,,,,,,,,,,,,
,,,,,,,,,,,,,,,,,,,,,,,,,,,,,,,,,,,,
,,,,,,,,,,,,,,,,,,,,,,,,,,,,,,,,,,,,
,,,,,,,,,,,,,,,,,,,,,,,,,,,,,,,,,,,,
,,,,,,,,,,,,,,,,,,,,,,,,,,,,,,,,,,,,
,,,,,,,,,,,,,,,,,,,,,,,,,,,,,,,,,,,,
,,,,,,,,,,,,,,,,,,,,,,,,,,,,,,,,,,,,
,,,,,,,,,,,,,,,,,,,,,,,,,,,,,,,,,,,,
,,,,,,,,,,,,,,,,,,,,,,,,,,,,,,,,,,,,
,,,,,,,,,,,,,,,,,,,,,,,,,,,,,,,,,,,,
,,,,,,,,,,,,,,,,,,,,,,,,,,,,,,,,,,,,
,,,,,,,,,,,,,,,,,,,,,,,,,,,,,,,,,,,,
,,,,,,,,,,,,,,,,,,,,,,,,,,,,,,,,,,,,
,,,,,,,,,,,,,,,,,,,,,,,,,,,,,,,,,,,,
,,,,,,,,,,,,,,,,,,,,,,,,,,,,,,,,,,,,
,,,,,,,,,,,,,,,,,,,,,,,,,,,,,,,,,,,,
,,,,,,,,,,,,,,,,,,,,,,,,,,,,,,,,,,,,
,,,,,,,,,,,,,,,,,,,,,,,,,,,,,,,,,,,,
,,,,,,,,,,,,,,,,,,,,,,,,,,,,,,,,,,,,
,,,,,,,,,,,,,,,,,,,,,,,,,,,,,,,,,,,,
,,,,,,,,,,,,,,,,,,,,,,,,,,,,,,,,,,,,
,,,,,,,,,,,,,,,,,,,,,,,,,,,,,,,,,,,,
,,,,,,,,,,,,,,,,,,,,,,,,,,,,,,,,,,,,
,,,,,,,,,,,,,,,,,,,,,,,,,,,,,,,,,,,,
,,,,,,,,,,,,,,,,,,,,,,,,,,,,,,,,,,,,
,,,,,,,,,,,,,,,,,,,,,,,,,,,,,,,,,,,,
,,,,,,,,,,,,,,,,,,,,,,,,,,,,,,,,,,,,
,,,,,,,,,,,,,,,,,,,,,,,,,,,,,,,,,,,,
,,,,,,,,,,,,,,,,,,,,,,,,,,,,,,,,,,,,
,,,,,,,,,,,,,,,,,,,,,,,,,,,,,,,,,,,,
,,,,,,,,,,,,,,,,,,,,,,,,,,,,,,,,,,,,
,,,,,,,,,,,,,,,,,,,,,,,,,,,,,,,,,,,,
,,,,,,,,,,,,,,,,,,,,,,,,,,,,,,,,,,,,
,,,,,,,,,,,,,,,,,,,,,,,,,,,,,,,,,,,,
,,,,,,,,,,,,,,,,,,,,,,,,,,,,,,,,,,,,
,,,,,,,,,,,,,,,,,,,,,,,,,,,,,,,,,,,,
,,,,,,,,,,,,,,,,,,,,,,,,,,,,,,,,,,,,
,,,,,,,,,,,,,,,,,,,,,,,,,,,,,,,,,,,,
,,,,,,,,,,,,,,,,,,,,,,,,,,,,,,,,,,,,
,,,,,,,,,,,,,,,,,,,,,,,,,,,,,,,,,,,,
,,,,,,,,,,,,,,,,,,,,,,,,,,,,,,,,,,,,
,,,,,,,,,,,,,,,,,,,,,,,,,,,,,,,,,,,,
,,,,,,,,,,,,,,,,,,,,,,,,,,,,,,,,,,,,
,,,,,,,,,,,,,,,,,,,,,,,,,,,,,,,,,,,,
,,,,,,,,,,,,,,,,,,,,,,,,,,,,,,,,,,,,
,,,,,,,,,,,,,,,,,,,,,,,,,,,,,,,,,,,,
,,,,,,,,,,,,,,,,,,,,,,,,,,,,,,,,,,,,
,,,,,,,,,,,,,,,,,,,,,,,,,,,,,,,,,,,,
,,,,,,,,,,,,,,,,,,,,,,,,,,,,,,,,,,,,
,,,,,,,,,,,,,,,,,,,,,,,,,,,,,,,,,,,,
,,,,,,,,,,,,,,,,,,,,,,,,,,,,,,,,,,,,
,,,,,,,,,,,,,,,,,,,,,,,,,,,,,,,,,,,,
,,,,,,,,,,,,,,,,,,,,,,,,,,,,,,,,,,,,
,,,,,,,,,,,,,,,,,,,,,,,,,,,,,,,,,,,,
,,,,,,,,,,,,,,,,,,,,,,,,,,,,,,,,,,,,
,,,,,,,,,,,,,,,,,,,,,,,,,,,,,,,,,,,,
,,,,,,,,,,,,,,,,,,,,,,,,,,,,,,,,,,,,
,,,,,,,,,,,,,,,,,,,,,,,,,,,,,,,,,,,,
,,,,,,,,,,,,,,,,,,,,,,,,,,,,,,,,,,,,
,,,,,,,,,,,,,,,,,,,,,,,,,,,,,,,,,,,,
,,,,,,,,,,,,,,,,,,,,,,,,,,,,,,,,,,,,
,,,,,,,,,,,,,,,,,,,,,,,,,,,,,,,,,,,,
,,,,,,,,,,,,,,,,,,,,,,,,,,,,,,,,,,,,
,,,,,,,,,,,,,,,,,,,,,,,,,,,,,,,,,,,,
,,,,,,,,,,,,,,,,,,,,,,,,,,,,,,,,,,,,
,,,,,,,,,,,,,,,,,,,,,,,,,,,,,,,,,,,,
,,,,,,,,,,,,,,,,,,,,,,,,,,,,,,,,,,,,
,,,,,,,,,,,,,,,,,,,,,,,,,,,,,,,,,,,,
,,,,,,,,,,,,,,,,,,,,,,,,,,,,,,,,,,,,
,,,,,,,,,,,,,,,,,,,,,,,,,,,,,,,,,,,,
,,,,,,,,,,,,,,,,,,,,,,,,,,,,,,,,,,,,
,,,,,,,,,,,,,,,,,,,,,,,,,,,,,,,,,,,,
,,,,,,,,,,,,,,,,,,,,,,,,,,,,,,,,,,,,
,,,,,,,,,,,,,,,,,,,,,,,,,,,,,,,,,,,,
,,,,,,,,,,,,,,,,,,,,,,,,,,,,,,,,,,,,
,,,,,,,,,,,,,,,,,,,,,,,,,,,,,,,,,,,,
,,,,,,,,,,,,,,,,,,,,,,,,,,,,,,,,,,,,
,,,,,,,,,,,,,,,,,,,,,,,,,,,,,,,,,,,,
,,,,,,,,,,,,,,,,,,,,,,,,,,,,,,,,,,,,
,,,,,,,,,,,,,,,,,,,,,,,,,,,,,,,,,,,,
,,,,,,,,,,,,,,,,,,,,,,,,,,,,,,,,,,,,
,,,,,,,,,,,,,,,,,,,,,,,,,,,,,,,,,,,,
,,,,,,,,,,,,,,,,,,,,,,,,,,,,,,,,,,,,
,,,,,,,,,,,,,,,,,,,,,,,,,,,,,,,,,,,,
,,,,,,,,,,,,,,,,,,,,,,,,,,,,,,,,,,,,
,,,,,,,,,,,,,,,,,,,,,,,,,,,,,,,,,,,,
,,,,,,,,,,,,,,,,,,,,,,,,,,,,,,,,,,,,
,,,,,,,,,,,,,,,,,,,,,,,,,,,,,,,,,,,,
,,,,,,,,,,,,,,,,,,,,,,,,,,,,,,,,,,,,
,,,,,,,,,,,,,,,,,,,,,,,,,,,,,,,,,,,,
,,,,,,,,,,,,,,,,,,,,,,,,,,,,,,,,,,,,
,,,,,,,,,,,,,,,,,,,,,,,,,,,,,,,,,,,,
,,,,,,,,,,,,,,,,,,,,,,,,,,,,,,,,,,,,
,,,,,,,,,,,,,,,,,,,,,,,,,,,,,,,,,,,,
,,,,,,,,,,,,,,,,,,,,,,,,,,,,,,,,,,,,
,,,,,,,,,,,,,,,,,,,,,,,,,,,,,,,,,,,,
,,,,,,,,,,,,,,,,,,,,,,,,,,,,,,,,,,,,
,,,,,,,,,,,,,,,,,,,,,,,,,,,,,,,,,,,,
,,,,,,,,,,,,,,,,,,,,,,,,,,,,,,,,,,,,
,,,,,,,,,,,,,,,,,,,,,,,,,,,,,,,,,,,,
,,,,,,,,,,,,,,,,,,,,,,,,,,,,,,,,,,,,
,,,,,,,,,,,,,,,,,,,,,,,,,,,,,,,,,,,,
,,,,,,,,,,,,,,,,,,,,,,,,,,,,,,,,,,,,
,,,,,,,,,,,,,,,,,,,,,,,,,,,,,,,,,,,,
,,,,,,,,,,,,,,,,,,,,,,,,,,,,,,,,,,,,
,,,,,,,,,,,,,,,,,,,,,,,,,,,,,,,,,,,,
,,,,,,,,,,,,,,,,,,,,,,,,,,,,,,,,,,,,
,,,,,,,,,,,,,,,,,,,,,,,,,,,,,,,,,,,,
,,,,,,,,,,,,,,,,,,,,,,,,,,,,,,,,,,,,
,,,,,,,,,,,,,,,,,,,,,,,,,,,,,,,,,,,,
,,,,,,,,,,,,,,,,,,,,,,,,,,,,,,,,,,,,
,,,,,,,,,,,,,,,,,,,,,,,,,,,,,,,,,,,,
,,,,,,,,,,,,,,,,,,,,,,,,,,,,,,,,,,,,
,,,,,,,,,,,,,,,,,,,,,,,,,,,,,,,,,,,,
,,,,,,,,,,,,,,,,,,,,,,,,,,,,,,,,,,,,
,,,,,,,,,,,,,,,,,,,,,,,,,,,,,,,,,,,,
,,,,,,,,,,,,,,,,,,,,,,,,,,,,,,,,,,,,
,,,,,,,,,,,,,,,,,,,,,,,,,,,,,,,,,,,,
,,,,,,,,,,,,,,,,,,,,,,,,,,,,,,,,,,,,
,,,,,,,,,,,,,,,,,,,,,,,,,,,,,,,,,,,,
,,,,,,,,,,,,,,,,,,,,,,,,,,,,,,,,,,,,
,,,,,,,,,,,,,,,,,,,,,,,,,,,,,,,,,,,,
,,,,,,,,,,,,,,,,,,,,,,,,,,,,,,,,,,,,
,,,,,,,,,,,,,,,,,,,,,,,,,,,,,,,,,,,,
,,,,,,,,,,,,,,,,,,,,,,,,,,,,,,,,,,,,
,,,,,,,,,,,,,,,,,,,,,,,,,,,,,,,,,,,,
,,,,,,,,,,,,,,,,,,,,,,,,,,,,,,,,,,,,
,,,,,,,,,,,,,,,,,,,,,,,,,,,,,,,,,,,,
,,,,,,,,,,,,,,,,,,,,,,,,,,,,,,,,,,,,
,,,,,,,,,,,,,,,,,,,,,,,,,,,,,,,,,,,,
,,,,,,,,,,,,,,,,,,,,,,,,,,,,,,,,,,,,
,,,,,,,,,,,,,,,,,,,,,,,,,,,,,,,,,,,,
,,,,,,,,,,,,,,,,,,,,,,,,,,,,,,,,,,,,
,,,,,,,,,,,,,,,,,,,,,,,,,,,,,,,,,,,,
,,,,,,,,,,,,,,,,,,,,,,,,,,,,,,,,,,,,
,,,,,,,,,,,,,,,,,,,,,,,,,,,,,,,,,,,,
,,,,,,,,,,,,,,,,,,,,,,,,,,,,,,,,,,,,
,,,,,,,,,,,,,,,,,,,,,,,,,,,,,,,,,,,,
,,,,,,,,,,,,,,,,,,,,,,,,,,,,,,,,,,,,
,,,,,,,,,,,,,,,,,,,,,,,,,,,,,,,,,,,,
,,,,,,,,,,,,,,,,,,,,,,,,,,,,,,,,,,,,
,,,,,,,,,,,,,,,,,,,,,,,,,,,,,,,,,,,,
,,,,,,,,,,,,,,,,,,,,,,,,,,,,,,,,,,,,
,,,,,,,,,,,,,,,,,,,,,,,,,,,,,,,,,,,,
,,,,,,,,,,,,,,,,,,,,,,,,,,,,,,,,,,,,
,,,,,,,,,,,,,,,,,,,,,,,,,,,,,,,,,,,,
,,,,,,,,,,,,,,,,,,,,,,,,,,,,,,,,,,,,
,,,,,,,,,,,,,,,,,,,,,,,,,,,,,,,,,,,,
,,,,,,,,,,,,,,,,,,,,,,,,,,,,,,,,,,,,
,,,,,,,,,,,,,,,,,,,,,,,,,,,,,,,,,,,,
,,,,,,,,,,,,,,,,,,,,,,,,,,,,,,,,,,,,
,,,,,,,,,,,,,,,,,,,,,,,,,,,,,,,,,,,,
,,,,,,,,,,,,,,,,,,,,,,,,,,,,,,,,,,,,
,,,,,,,,,,,,,,,,,,,,,,,,,,,,,,,,,,,,
,,,,,,,,,,,,,,,,,,,,,,,,,,,,,,,,,,,,
,,,,,,,,,,,,,,,,,,,,,,,,,,,,,,,,,,,,
,,,,,,,,,,,,,,,,,,,,,,,,,,,,,,,,,,,,
,,,,,,,,,,,,,,,,,,,,,,,,,,,,,,,,,,,,
,,,,,,,,,,,,,,,,,,,,,,,,,,,,,,,,,,,,
,,,,,,,,,,,,,,,,,,,,,,,,,,,,,,,,,,,,
,,,,,,,,,,,,,,,,,,,,,,,,,,,,,,,,,,,,
,,,,,,,,,,,,,,,,,,,,,,,,,,,,,,,,,,,,
,,,,,,,,,,,,,,,,,,,,,,,,,,,,,,,,,,,,
,,,,,,,,,,,,,,,,,,,,,,,,,,,,,,,,,,,,
,,,,,,,,,,,,,,,,,,,,,,,,,,,,,,,,,,,,